,pred_idx
0,0
1,0
2,0
3,1
4,0
5,1
6,0
7,1
8,0
9,1
10,0
11,0
12,0
13,1
14,1
15,0
16,1
17,0
18,1
19,0
20,1
21,0
22,0
23,1
24,0
25,0
26,0
27,1
28,0
29,1
30,0
31,1
32,0
33,0
34,0
35,0
36,0
37,1
38,1
39,1
40,0
41,1
42,0
43,1
44,0
45,1
46,0
47,1
48,1
49,1
50,1
51,1
52,1
53,1
54,1
55,0
56,0
57,1
58,1
59,0
60,1
61,1
62,0
63,0
64,0
65,0
66,0
67,0
68,1
69,1
70,0
71,0
72,0
73,1
74,0
75,1
76,1
77,0
78,1
79,0
80,0
81,0
82,0
83,1
84,1
85,1
86,1
87,1
88,1
89,0
90,1
91,1
92,0
93,0
94,0
95,0
96,1
97,1
98,0
99,1
100,0
101,0
102,1
103,0
104,0
105,0
106,0
107,1
108,0
109,0
110,0
111,1
112,0
113,1
114,1
115,0
116,0
117,1
118,0
119,1
120,0
121,0
122,1
123,1
124,1
125,0
126,1
127,0
128,1
129,0
130,0
131,0
132,0
133,1
134,1
135,0
136,0
137,1
138,0
139,0
140,1
141,1
142,0
143,1
144,1
145,1
146,1
147,1
148,0
149,0
150,1
151,1
152,0
153,0
154,1
155,0
156,0
157,1
158,0
159,1
160,0
161,0
162,0
163,0
164,1
165,1
166,1
167,1
168,1
169,0
170,1
171,1
172,0
173,0
174,1
175,0
176,1
177,1
178,1
179,1
180,0
181,1
182,1
183,1
184,0
185,0
186,0
187,1
188,0
189,1
190,1
191,0
192,0
193,0
194,0
195,1
196,1
197,0
198,1
199,0
200,0
201,1
202,1
203,1
204,0
205,0
206,1
207,0
208,0
209,0
210,1
211,0
212,1
213,1
214,1
215,1
216,0
217,1
218,0
219,1
220,1
221,1
222,0
223,0
224,1
225,1
226,0
227,0
228,0
229,0
230,1
231,1
232,0
233,1
234,1
235,0
236,1
237,1
238,0
239,1
240,0
241,0
242,0
243,1
244,0
245,1
246,0
247,1
248,1
249,1
250,1
251,0
252,1
253,1
254,0
255,1
256,1
257,0
258,1
259,1
260,1
261,0
262,1
263,0
264,0
265,1
266,0
267,1
268,1
269,1
270,0
271,0
272,1
273,1
274,0
275,0
276,1
277,1
278,1
279,1
280,0
281,1
282,1
283,1
284,0
285,0
286,1
287,1
288,0
289,1
290,1
291,0
292,0
293,1
294,1
295,0
296,1
297,0
298,0
299,0
300,1
301,1
302,1
303,1
304,0
305,1
306,0
307,0
308,0
309,1
310,0
311,1
312,1
313,0
314,1
315,1
316,1
317,0
318,1
319,0
320,1
321,0
322,0
323,0
324,1
325,1
326,0
327,1
328,0
329,1
330,1
331,1
332,0
333,0
334,1
335,1
336,0
337,1
338,0
339,0
340,1
341,1
342,1
343,1
344,0
345,1
346,0
347,0
348,0
349,1
350,0
351,0
352,0
353,0
354,0
355,0
356,0
357,1
358,1
359,0
360,0
361,0
362,1
363,0
364,1
365,1
366,0
367,1
368,0
369,0
370,0
371,0
372,1
373,0
374,0
375,0
376,1
377,1
378,0
379,1
380,0
381,0
382,1
383,1
384,1
385,0
386,0
387,1
388,0
389,0
390,1
391,1
392,1
393,1
394,1
395,0
396,0
397,1
398,0
399,0
400,0
401,1
402,0
403,0
404,1
405,0
406,0
407,0
408,1
409,0
410,1
411,1
412,1
413,1
414,1
415,1
416,1
417,0
418,1
419,0
420,0
421,0
422,0
423,0
424,1
425,0
426,1
427,0
428,1
429,1
430,1
431,0
432,1
433,1
434,1
435,1
436,0
437,1
438,0
439,1
440,1
441,0
442,0
443,1
444,0
445,1
446,0
447,0
448,0
449,1
450,1
451,1
452,0
453,1
454,1
455,1
456,1
457,1
458,1
459,1
460,1
461,1
462,1
463,0
464,0
465,1
466,0
467,0
468,1
469,1
470,1
471,1
472,0
473,1
474,1
475,0
476,0
477,1
478,0
479,0
480,1
481,1
482,0
483,1
484,1
485,0
486,1
487,0
488,0
489,0
490,1
491,1
492,0
493,0
494,1
495,1
496,1
497,1
498,1
499,1
500,1
501,0
502,0
503,1
504,0
505,0
506,1
507,0
508,1
509,1
510,0
511,1
512,0
513,0
514,0
515,1
516,0
517,0
518,0
519,1
520,0
521,0
522,0
523,1
524,0
525,0
526,0
527,1
528,1
529,0
530,0
531,1
532,0
533,1
534,0
535,1
536,0
537,0
538,1
539,0
540,0
541,0
542,0
543,0
544,0
545,1
546,0
547,0
548,1
549,0
550,1
551,1
552,1
553,1
554,0
555,0
556,1
557,0
558,1
559,1
560,1
561,0
562,1
563,1
564,1
565,0
566,1
567,0
568,0
569,1
570,1
571,1
572,1
573,0
574,1
575,0
576,0
577,1
578,0
579,0
580,0
581,0
582,0
583,1
584,0
585,1
586,1
587,0
588,0
589,1
590,0
591,0
592,1
593,0
594,0
595,0
596,0
597,1
598,1
599,0
600,0
601,0
602,1
603,0
604,1
605,1
606,0
607,0
608,0
609,1
610,1
611,0
612,0
613,1
614,1
615,0
616,1
617,1
618,0
619,0
620,1
621,0
622,1
623,0
624,0
625,0
626,0
627,1
628,0
629,1
630,0
631,0
632,0
633,1
634,1
635,1
636,1
637,1
638,1
639,0
640,0
641,0
642,0
643,0
644,0
645,1
646,0
647,1
648,0
649,1
650,0
651,0
652,1
653,0
654,0
655,0
656,1
657,0
658,0
659,0
660,1
661,0
662,0
663,0
664,0
665,1
666,0
667,1
668,0
669,0
670,1
671,0
672,1
673,1
674,0
675,1
676,0
677,1
678,1
679,1
680,0
681,1
682,1
683,1
684,0
685,0
686,1
687,0
688,1
689,0
690,1
691,0
692,1
693,0
694,0
695,0
696,0
697,0
698,0
699,1
700,1
701,0
702,1
703,1
704,0
705,1
706,1
707,1
708,1
709,1
710,0
711,0
712,1
713,1
714,1
715,1
716,0
717,1
718,1
719,1
720,0
721,0
722,1
723,1
724,0
725,0
726,1
727,0
728,1
729,0
730,1
731,1
732,1
733,0
734,1
735,0
736,0
737,1
738,1
739,0
740,0
741,0
742,0
743,1
744,0
745,0
746,0
747,0
748,0
749,0
750,1
751,1
752,1
753,1
754,0
755,0
756,0
757,0
758,0
759,1
760,1
761,0
762,0
763,0
764,0
765,0
766,1
767,0
768,0
769,0
770,1
771,0
772,1
773,0
774,1
775,0
776,1
777,1
778,0
779,1
780,0
781,0
782,0
783,0
784,0
785,0
786,0
787,0
788,1
789,1
790,1
791,0
792,1
793,1
794,0
795,0
796,0
797,0
798,1
799,1
800,1
801,1
802,1
803,0
804,1
805,0
806,1
807,0
808,1
809,0
810,1
811,0
812,1
813,0
814,0
815,1
816,0
817,1
818,1
819,1
820,1
821,0
822,1
823,0
824,1
825,1
826,1
827,0
828,0
829,1
830,0
831,1
832,0
833,0
834,1
835,1
836,0
837,1
838,0
839,1
840,1
841,1
842,1
843,1
844,1
845,0
846,0
847,1
848,1
849,1
850,1
851,1
852,1
853,1
854,1
855,0
856,0
857,1
858,0
859,1
860,1
861,0
862,1
863,0
864,1
865,1
866,0
867,0
868,0
869,1
870,0
871,1
872,0
873,0
874,0
875,1
876,0
877,0
878,0
879,1
880,1
881,0
882,1
883,1
884,1
885,0
886,1
887,0
888,0
889,0
890,0
891,1
892,0
893,1
894,0
895,0
896,0
897,0
898,0
899,1
900,0
901,1
902,1
903,1
904,1
905,0
906,0
907,0
908,1
909,1
910,1
911,0
912,1
913,1
914,1
915,1
916,1
917,0
918,1
919,0
920,1
921,1
922,1
923,0
924,1
925,1
926,0
927,0
928,1
929,0
930,1
931,0
932,1
933,0
934,1
935,0
936,1
937,0
938,1
939,1
940,1
941,1
942,0
943,1
944,1
945,1
946,0
947,0
948,0
949,0
950,1
951,1
952,0
953,0
954,1
955,1
956,1
957,0
958,1
959,1
960,0
961,0
962,1
963,0
964,0
965,1
966,0
967,0
968,1
969,0
970,1
971,1
972,1
973,1
974,1
975,1
976,1
977,1
978,0
979,0
980,0
981,1
982,1
983,1
984,0
985,1
986,0
987,1
988,1
989,1
990,1
991,0
992,1
993,0
994,1
995,0
996,1
997,0
998,0
999,0
1000,1
1001,0
1002,1
1003,1
1004,0
1005,1
1006,1
1007,1
1008,0
1009,1
1010,0
1011,0
1012,1
1013,1
1014,0
1015,0
1016,0
1017,0
1018,1
1019,0
1020,1
1021,1
1022,0
1023,0
1024,1
1025,0
1026,0
1027,1
1028,0
1029,1
1030,1
1031,0
1032,0
1033,0
1034,1
1035,1
1036,0
1037,0
1038,1
1039,1
1040,1
1041,0
1042,1
1043,0
1044,0
1045,0
1046,1
1047,0
1048,1
1049,1
1050,0
1051,1
1052,0
1053,0
1054,1
1055,1
1056,0
1057,0
1058,0
1059,1
1060,0
1061,1
1062,0
1063,1
1064,0
1065,0
1066,0
1067,0
1068,1
1069,0
1070,1
1071,0
1072,1
1073,1
1074,0
1075,0
1076,0
1077,0
1078,1
1079,1
1080,0
1081,1
1082,1
1083,0
1084,0
1085,0
1086,0
1087,0
1088,1
1089,0
1090,0
1091,1
1092,0
1093,0
1094,0
1095,0
1096,0
1097,0
1098,0
1099,0
1100,1
1101,0
1102,1
1103,1
1104,0
1105,0
1106,0
1107,1
1108,1
1109,0
1110,0
1111,1
1112,0
1113,0
1114,1
1115,1
1116,0
1117,1
1118,1
1119,1
1120,0
1121,1
1122,1
1123,0
1124,0
1125,1
1126,1
1127,0
1128,1
1129,1
1130,0
1131,1
1132,0
1133,0
1134,1
1135,0
1136,1
1137,1
1138,1
1139,1
1140,0
1141,0
1142,1
1143,1
1144,1
1145,1
1146,1
1147,1
1148,0
1149,0
1150,1
1151,0
1152,0
1153,0
1154,0
1155,1
1156,1
1157,0
1158,0
1159,1
1160,0
1161,0
1162,0
1163,0
1164,0
1165,0
1166,0
1167,1
1168,1
1169,1
1170,1
1171,0
1172,0
1173,0
1174,1
1175,1
1176,0
1177,1
1178,1
1179,1
1180,0
1181,0
1182,1
1183,1
1184,1
1185,1
1186,0
1187,0
1188,1
1189,1
1190,1
1191,1
1192,0
1193,1
1194,1
1195,0
1196,0
1197,1
1198,0
1199,0
1200,0
1201,1
1202,1
1203,1
1204,0
1205,1
1206,1
1207,1
1208,1
1209,1
1210,0
1211,1
1212,0
1213,0
1214,0
1215,1
1216,0
1217,1
1218,1
1219,0
1220,0
1221,0
1222,1
1223,1
1224,1
1225,1
1226,0
1227,0
1228,0
1229,0
1230,0
1231,0
1232,1
1233,0
1234,0
1235,1
1236,0
1237,1
1238,1
1239,0
1240,0
1241,0
1242,1
1243,0
1244,1
1245,1
1246,0
1247,1
1248,1
1249,0
1250,0
1251,0
1252,1
1253,0
1254,1
1255,0
1256,0
1257,1
1258,1
1259,1
1260,1
1261,1
1262,0
1263,0
1264,1
1265,1
1266,0
1267,1
1268,0
1269,0
1270,1
1271,1
1272,1
1273,0
1274,1
1275,0
1276,0
1277,1
1278,0
1279,0
1280,1
1281,0
1282,0
1283,1
1284,1
1285,1
1286,0
1287,0
1288,1
1289,1
1290,0
1291,0
1292,0
1293,1
1294,1
1295,1
1296,0
1297,1
1298,0
1299,0
1300,1
1301,0
1302,1
1303,0
1304,0
1305,1
1306,0
1307,1
1308,1
1309,0
1310,1
1311,1
1312,0
1313,0
1314,0
1315,0
1316,0
1317,1
1318,1
1319,0
1320,0
1321,0
1322,1
1323,0
1324,1
1325,0
1326,0
1327,1
1328,0
1329,1
1330,1
1331,0
1332,0
1333,0
1334,0
1335,1
1336,1
1337,0
1338,0
1339,0
1340,0
1341,0
1342,0
1343,0
1344,1
1345,1
1346,0
1347,0
1348,0
1349,0
1350,1
1351,1
1352,1
1353,0
1354,0
1355,1
1356,0
1357,1
1358,0
1359,1
1360,1
1361,0
1362,1
1363,1
1364,1
1365,1
1366,0
1367,0
1368,1
1369,0
1370,1
1371,1
1372,0
1373,0
1374,1
1375,0
1376,0
1377,0
1378,0
1379,0
1380,0
1381,1
1382,1
1383,0
1384,1
1385,1
1386,1
1387,1
1388,1
1389,1
1390,1
1391,1
1392,0
1393,1
1394,0
1395,0
1396,0
1397,1
1398,0
1399,0
1400,1
1401,1
1402,1
1403,1
1404,1
1405,0
1406,1
1407,0
1408,0
1409,1
1410,1
1411,1
1412,0
1413,1
1414,1
1415,1
1416,1
1417,1
1418,1
1419,1
1420,0
1421,0
1422,0
1423,0
1424,0
1425,0
1426,0
1427,1
1428,0
1429,1
1430,0
1431,0
1432,0
1433,0
1434,0
1435,1
1436,1
1437,0
1438,0
1439,1
1440,0
1441,1
1442,1
1443,1
1444,0
1445,0
1446,0
1447,0
1448,1
1449,0
1450,0
1451,1
1452,1
1453,1
1454,1
1455,1
1456,0
1457,1
1458,0
1459,1
1460,0
1461,1
1462,0
1463,0
1464,0
1465,1
1466,1
1467,0
1468,0
1469,1
1470,0
1471,1
1472,1
1473,0
1474,1
1475,1
1476,0
1477,1
1478,0
1479,0
1480,1
1481,1
1482,1
1483,1
1484,0
1485,0
1486,0
1487,1
1488,0
1489,0
1490,1
1491,0
1492,0
1493,0
1494,0
1495,1
1496,0
1497,0
1498,0
1499,0
1500,1
1501,0
1502,0
1503,0
1504,1
1505,0
1506,1
1507,0
1508,0
1509,0
1510,0
1511,1
1512,1
1513,0
1514,0
1515,1
1516,0
1517,0
1518,1
1519,1
1520,1
1521,1
1522,0
1523,0
1524,0
1525,0
1526,0
1527,0
1528,1
1529,1
1530,1
1531,1
1532,1
1533,0
1534,0
1535,0
1536,0
1537,1
1538,0
1539,0
1540,1
1541,0
1542,1
1543,1
1544,0
1545,1
1546,0
1547,0
1548,1
1549,0
1550,1
1551,0
1552,1
1553,0
1554,0
1555,1
1556,0
1557,1
1558,1
1559,1
1560,1
1561,0
1562,1
1563,1
1564,1
1565,0
1566,1
1567,0
1568,0
1569,1
1570,1
1571,0
1572,0
1573,1
1574,1
1575,1
1576,1
1577,1
1578,0
1579,1
1580,1
1581,0
1582,0
1583,0
1584,1
1585,1
1586,1
1587,1
1588,1
1589,1
1590,1
1591,1
1592,0
1593,0
1594,0
1595,1
1596,0
1597,0
1598,0
1599,0
1600,0
1601,0
1602,1
1603,0
1604,0
1605,0
1606,1
1607,1
1608,0
1609,1
1610,0
1611,0
1612,1
1613,0
1614,0
1615,1
1616,1
1617,1
1618,0
1619,0
1620,0
1621,0
1622,1
1623,1
1624,1
1625,1
1626,0
1627,0
1628,0
1629,1
1630,0
1631,1
1632,1
1633,0
1634,1
1635,0
1636,0
1637,0
1638,0
1639,1
1640,1
1641,1
1642,1
1643,0
1644,0
1645,1
1646,1
1647,1
1648,0
1649,1
1650,1
1651,0
1652,1
1653,0
1654,0
1655,1
1656,0
1657,0
1658,0
1659,0
1660,0
1661,0
1662,0
1663,0
1664,0
1665,0
1666,0
1667,0
1668,1
1669,0
1670,1
1671,0
1672,0
1673,1
1674,1
1675,1
1676,1
1677,1
1678,1
1679,1
1680,1
1681,0
1682,0
1683,0
1684,1
1685,0
1686,1
1687,0
1688,1
1689,0
1690,1
1691,0
1692,1
1693,0
1694,1
1695,0
1696,1
1697,0
1698,1
1699,0
1700,1
1701,0
1702,1
1703,1
1704,0
1705,1
1706,0
1707,0
1708,1
1709,0
1710,0
1711,1
1712,0
1713,1
1714,1
1715,1
1716,1
1717,0
1718,0
1719,0
1720,0
1721,1
1722,1
1723,0
1724,1
1725,0
1726,1
1727,0
1728,0
1729,0
1730,0
1731,0
1732,0
1733,0
1734,1
1735,1
1736,0
1737,0
1738,0
1739,1
1740,1
1741,0
1742,0
1743,0
1744,0
1745,0
1746,0
1747,0
1748,0
1749,1
1750,1
1751,1
1752,1
1753,0
1754,1
1755,0
1756,0
1757,1
1758,1
1759,1
1760,0
1761,0
1762,1
1763,1
1764,1
1765,0
1766,1
1767,1
1768,1
1769,1
1770,0
1771,1
1772,0
1773,0
1774,1
1775,0
1776,1
1777,0
1778,1
1779,0
1780,1
1781,1
1782,0
1783,0
1784,1
1785,0
1786,1
1787,1
1788,0
1789,0
1790,0
1791,1
1792,0
1793,0
1794,1
1795,0
1796,1
1797,1
1798,0
1799,1
1800,1
1801,0
1802,1
1803,1
1804,0
1805,0
1806,0
1807,0
1808,1
1809,0
1810,1
1811,1
1812,0
1813,0
1814,1
1815,0
1816,0
1817,0
1818,0
1819,1
1820,1
1821,1
1822,1
1823,0
1824,1
1825,0
1826,0
1827,1
1828,0
1829,1
1830,1
1831,0
1832,0
1833,1
1834,1
1835,0
1836,1
1837,1
1838,1
1839,0
1840,1
1841,0
1842,0
1843,0
1844,0
1845,1
1846,1
1847,0
1848,1
1849,0
1850,1
1851,0
1852,1
1853,1
1854,1
1855,1
1856,1
1857,0
1858,1
1859,0
1860,0
1861,1
1862,0
1863,1
1864,1
1865,0
1866,0
1867,1
1868,1
1869,0
1870,1
1871,1
1872,0
1873,0
1874,1
1875,1
1876,1
1877,0
1878,0
1879,1
1880,1
1881,1
1882,1
1883,0
1884,1
1885,1
1886,0
1887,1
1888,1
1889,1
1890,0
1891,1
1892,1
1893,1
1894,1
1895,0
1896,1
1897,0
1898,1
1899,1
1900,1
1901,1
1902,1
1903,1
1904,0
1905,0
1906,0
1907,1
1908,0
1909,1
1910,0
1911,0
1912,1
1913,0
1914,0
1915,0
1916,0
1917,0
1918,0
1919,1
1920,0
1921,0
1922,0
1923,1
1924,0
1925,1
1926,1
1927,1
1928,0
1929,1
1930,1
1931,0
1932,0
1933,1
1934,0
1935,0
1936,0
1937,1
1938,0
1939,0
1940,0
1941,0
1942,1
1943,1
1944,1
1945,0
1946,0
1947,1
1948,0
1949,1
1950,0
1951,0
1952,1
1953,1
1954,0
1955,1
1956,0
1957,1
1958,0
1959,0
1960,0
1961,0
1962,0
1963,0
1964,1
1965,1
1966,0
1967,1
1968,1
1969,0
1970,0
1971,0
1972,1
1973,0
1974,1
1975,1
1976,1
1977,0
1978,0
1979,1
1980,1
1981,0
1982,1
1983,1
1984,0
1985,1
1986,1
1987,0
1988,1
1989,1
1990,1
1991,1
1992,0
1993,1
1994,0
1995,0
1996,0
1997,0
1998,0
1999,1
2000,1
2001,1
2002,0
2003,0
2004,0
2005,0
2006,1
2007,1
2008,0
2009,1
2010,0
2011,0
2012,1
2013,1
2014,0
2015,1
2016,0
2017,1
2018,0
2019,0
2020,0
2021,1
2022,0
2023,0
2024,1
2025,1
2026,1
2027,0
2028,1
2029,0
2030,1
2031,1
2032,0
2033,1
2034,0
2035,0
2036,1
2037,1
2038,0
2039,0
2040,1
2041,0
2042,1
2043,0
2044,0
2045,0
2046,0
2047,0
2048,1
2049,1
2050,0
2051,0
2052,0
2053,0
2054,1
2055,0
2056,1
2057,1
2058,0
2059,0
2060,0
2061,1
2062,1
2063,1
2064,1
2065,0
2066,1
2067,1
2068,1
2069,1
2070,1
2071,0
2072,0
2073,0
2074,1
2075,0
2076,0
2077,1
2078,0
2079,0
2080,1
2081,1
2082,1
2083,0
2084,0
2085,0
2086,1
2087,1
2088,1
2089,0
2090,0
2091,1
2092,1
2093,1
2094,1
2095,1
2096,1
2097,0
2098,1
2099,0
2100,0
2101,0
2102,0
2103,1
2104,0
2105,1
2106,1
2107,0
2108,0
2109,1
2110,1
2111,1
2112,0
2113,0
2114,0
2115,1
2116,0
2117,0
2118,1
2119,1
2120,0
2121,1
2122,0
2123,0
2124,0
2125,1
2126,0
2127,0
2128,0
2129,0
2130,0
2131,0
2132,0
2133,1
2134,1
2135,1
2136,0
2137,1
2138,1
2139,1
2140,1
2141,1
2142,1
2143,1
2144,0
2145,1
2146,1
2147,1
2148,1
2149,1
2150,1
2151,1
2152,0
2153,1
2154,0
2155,0
2156,0
2157,1
2158,0
2159,0
2160,0
2161,1
2162,1
2163,1
2164,1
2165,1
2166,0
2167,0
2168,0
2169,0
2170,0
2171,0
2172,0
2173,1
2174,1
2175,0
2176,0
2177,1
2178,0
2179,1
2180,1
2181,1
2182,1
2183,1
2184,1
2185,1
2186,0
2187,0
2188,1
2189,1
2190,0
2191,1
2192,1
2193,1
2194,1
2195,0
2196,1
2197,1
2198,1
2199,1
2200,0
2201,1
2202,1
2203,0
2204,1
2205,0
2206,1
2207,1
2208,1
2209,0
2210,0
2211,1
2212,0
2213,0
2214,1
2215,1
2216,1
2217,0
2218,0
2219,0
2220,1
2221,0
2222,0
2223,1
2224,1
2225,1
2226,1
2227,1
2228,0
2229,0
2230,1
2231,1
2232,1
2233,1
2234,0
2235,1
2236,0
2237,0
2238,1
2239,0
2240,1
2241,0
2242,1
2243,0
2244,1
2245,0
2246,1
2247,0
2248,1
2249,1
2250,0
2251,1
2252,1
2253,0
2254,0
2255,1
2256,0
2257,0
2258,1
2259,0
2260,0
2261,1
2262,1
2263,0
2264,1
2265,0
2266,0
2267,1
2268,1
2269,1
2270,1
2271,1
2272,1
2273,1
2274,0
2275,1
2276,1
2277,0
2278,0
2279,1
2280,0
2281,1
2282,0
2283,0
2284,0
2285,0
2286,0
2287,1
2288,0
2289,1
2290,1
2291,0
2292,1
2293,1
2294,1
2295,0
2296,0
2297,1
2298,1
2299,0
2300,0
2301,1
2302,1
2303,0
2304,0
2305,1
2306,1
2307,1
2308,0
2309,1
2310,0
2311,0
2312,0
2313,0
2314,0
2315,0
2316,0
2317,0
2318,1
2319,0
2320,1
2321,0
2322,0
2323,1
2324,0
2325,1
2326,0
2327,0
2328,1
2329,0
2330,0
2331,1
2332,0
2333,1
2334,1
2335,1
2336,0
2337,0
2338,1
2339,1
2340,1
2341,0
2342,0
2343,1
2344,0
2345,0
2346,0
2347,0
2348,0
2349,1
2350,1
2351,1
2352,0
2353,0
2354,1
2355,1
2356,1
2357,0
2358,1
2359,1
2360,1
2361,1
2362,1
2363,1
2364,0
2365,1
2366,0
2367,1
2368,1
2369,1
2370,0
2371,1
2372,1
2373,0
2374,1
2375,0
2376,0
2377,1
2378,1
2379,0
2380,0
2381,0
2382,1
2383,0
2384,1
2385,0
2386,1
2387,0
2388,0
2389,1
2390,1
2391,1
2392,1
2393,1
2394,0
2395,0
2396,0
2397,1
2398,1
2399,0
2400,1
2401,0
2402,0
2403,1
2404,0
2405,1
2406,1
2407,0
2408,0
2409,0
2410,1
2411,0
2412,1
2413,1
2414,0
2415,0
2416,1
2417,0
2418,1
2419,1
2420,1
2421,0
2422,1
2423,1
2424,0
2425,0
2426,1
2427,0
2428,1
2429,0
2430,0
2431,1
2432,1
2433,1
2434,1
2435,1
2436,0
2437,0
2438,0
2439,1
2440,0
2441,1
2442,1
2443,1
2444,1
2445,1
2446,1
2447,1
2448,1
2449,0
2450,1
2451,0
2452,1
2453,0
2454,1
2455,1
2456,1
2457,0
2458,1
2459,1
2460,0
2461,0
2462,1
2463,1
2464,1
2465,0
2466,1
2467,1
2468,1
2469,0
2470,0
2471,1
2472,1
2473,1
2474,0
2475,1
2476,1
2477,1
2478,1
2479,1
2480,0
2481,1
2482,0
2483,1
2484,1
2485,1
2486,1
2487,0
2488,1
2489,1
2490,0
2491,1
2492,0
2493,0
2494,1
2495,1
2496,1
2497,1
2498,1
2499,0
2500,0
2501,0
2502,1
2503,0
2504,0
2505,0
2506,1
2507,1
2508,0
2509,1
2510,0
2511,1
2512,0
2513,1
2514,1
2515,0
2516,0
2517,1
2518,0
2519,0
2520,1
2521,1
2522,0
2523,0
2524,0
2525,0
2526,0
2527,1
2528,1
2529,1
2530,0
2531,0
2532,0
2533,0
2534,0
2535,0
2536,1
2537,0
2538,1
2539,0
2540,1
2541,1
2542,0
2543,0
2544,1
2545,1
2546,1
2547,0
2548,1
2549,1
2550,1
2551,1
2552,1
2553,1
2554,0
2555,1
2556,0
2557,0
2558,0
2559,0
2560,1
2561,0
2562,1
2563,0
2564,0
2565,1
2566,1
2567,0
2568,0
2569,0
2570,1
2571,1
2572,0
2573,0
2574,1
2575,1
2576,0
2577,0
2578,1
2579,1
2580,0
2581,0
2582,0
2583,1
2584,1
2585,0
2586,1
2587,1
2588,0
2589,1
2590,0
2591,0
2592,0
2593,0
2594,0
2595,1
2596,1
2597,1
2598,0
2599,1
2600,1
2601,1
2602,1
2603,0
2604,1
2605,0
2606,1
2607,0
2608,0
2609,0
2610,1
2611,1
2612,0
2613,1
2614,0
2615,0
2616,1
2617,1
2618,1
2619,0
2620,1
2621,0
2622,1
2623,1
2624,1
2625,0
2626,0
2627,0
2628,1
2629,1
2630,1
2631,1
2632,1
2633,1
2634,1
2635,0
2636,1
2637,1
2638,1
2639,1
2640,0
2641,1
2642,0
2643,0
2644,1
2645,0
2646,1
2647,0
2648,1
2649,1
2650,0
2651,1
2652,1
2653,0
2654,1
2655,1
2656,0
2657,1
2658,1
2659,0
2660,1
2661,1
2662,1
2663,0
2664,1
2665,0
2666,1
2667,0
2668,0
2669,0
2670,0
2671,1
2672,1
2673,0
2674,0
2675,0
2676,0
2677,0
2678,0
2679,0
2680,1
2681,0
2682,0
2683,1
2684,0
2685,0
2686,0
2687,0
2688,1
2689,0
2690,0
2691,1
2692,1
2693,0
2694,0
2695,1
2696,1
2697,1
2698,1
2699,0
2700,0
2701,1
2702,0
2703,0
2704,1
2705,0
2706,0
2707,0
2708,1
2709,0
2710,1
2711,1
2712,1
2713,0
2714,1
2715,0
2716,1
2717,0
2718,1
2719,1
2720,1
2721,1
2722,0
2723,1
2724,1
2725,0
2726,1
2727,1
2728,0
2729,1
2730,0
2731,0
2732,1
2733,0
2734,0
2735,1
2736,0
2737,1
2738,1
2739,1
2740,1
2741,0
2742,1
2743,0
2744,1
2745,0
2746,0
2747,1
2748,0
2749,1
2750,1
2751,1
2752,0
2753,1
2754,1
2755,0
2756,1
2757,1
2758,1
2759,1
2760,1
2761,0
2762,0
2763,1
2764,0
2765,0
2766,0
2767,0
2768,1
2769,1
2770,1
2771,1
2772,1
2773,0
2774,0
2775,0
2776,0
2777,0
2778,0
2779,0
2780,0
2781,0
2782,1
2783,0
2784,1
2785,1
2786,1
2787,1
2788,0
2789,0
2790,1
2791,1
2792,0
2793,1
2794,1
2795,0
2796,1
2797,1
2798,1
2799,0
2800,0
2801,0
2802,0
2803,0
2804,1
2805,1
2806,0
2807,1
2808,1
2809,1
2810,0
2811,0
2812,1
2813,0
2814,0
2815,1
2816,0
2817,1
2818,1
2819,1
2820,1
2821,0
2822,0
2823,0
2824,1
2825,0
2826,0
2827,1
2828,0
2829,0
2830,0
2831,0
2832,1
2833,0
2834,0
2835,0
2836,0
2837,0
2838,1
2839,0
2840,0
2841,1
2842,0
2843,0
2844,1
2845,0
2846,1
2847,1
2848,0
2849,1
2850,1
2851,1
2852,0
2853,0
2854,1
2855,1
2856,1
2857,0
2858,0
2859,1
2860,0
2861,1
2862,1
2863,0
2864,0
2865,1
2866,1
2867,1
2868,0
2869,1
2870,1
2871,1
2872,0
2873,0
2874,0
2875,0
2876,0
2877,1
2878,1
2879,1
2880,0
2881,0
2882,0
2883,0
2884,0
2885,1
2886,0
2887,1
2888,1
2889,0
2890,1
2891,1
2892,0
2893,1
2894,0
2895,0
2896,0
2897,0
2898,0
2899,1
2900,0
2901,0
2902,0
2903,1
2904,1
2905,1
2906,1
2907,0
2908,1
2909,1
2910,0
2911,1
2912,0
2913,0
2914,0
2915,1
2916,1
2917,1
2918,1
2919,1
2920,1
2921,0
2922,1
2923,1
2924,1
2925,0
2926,0
2927,0
2928,0
2929,1
2930,0
2931,0
2932,1
2933,0
2934,0
2935,1
2936,1
2937,0
2938,1
2939,0
2940,1
2941,1
2942,0
2943,1
2944,1
2945,1
2946,1
2947,0
2948,1
2949,1
2950,0
2951,1
2952,0
2953,1
2954,1
2955,1
2956,1
2957,1
2958,0
2959,1
2960,1
2961,0
2962,0
2963,0
2964,1
2965,1
2966,0
2967,1
2968,0
2969,1
2970,1
2971,1
2972,0
2973,0
2974,1
2975,1
2976,1
2977,1
2978,0
2979,1
2980,0
2981,1
2982,1
2983,0
2984,0
2985,0
2986,1
2987,0
2988,1
2989,0
2990,1
2991,0
2992,1
2993,1
2994,0
2995,0
2996,1
2997,1
2998,1
2999,1
3000,0
3001,1
3002,1
3003,1
3004,0
3005,1
3006,1
3007,1
3008,1
3009,1
3010,0
3011,0
3012,0
3013,0
3014,1
3015,0
3016,0
3017,1
3018,0
3019,1
3020,1
3021,0
3022,0
3023,1
3024,0
3025,1
3026,1
3027,0
3028,0
3029,0
3030,0
3031,1
3032,1
3033,0
3034,0
3035,1
3036,0
3037,0
3038,0
3039,1
3040,1
3041,0
3042,1
3043,0
3044,1
3045,1
3046,1
3047,0
3048,0
3049,0
3050,1
3051,0
3052,1
3053,1
3054,0
3055,0
3056,1
3057,1
3058,1
3059,1
3060,1
3061,0
3062,0
3063,1
3064,0
3065,0
3066,0
3067,0
3068,1
3069,1
3070,0
3071,0
3072,1
3073,0
3074,0
3075,0
3076,0
3077,0
3078,0
3079,0
3080,1
3081,0
3082,0
3083,0
3084,1
3085,1
3086,1
3087,1
3088,0
3089,0
3090,1
3091,1
3092,1
3093,0
3094,0
3095,0
3096,1
3097,0
3098,0
3099,0
3100,1
3101,0
3102,1
3103,0
3104,0
3105,1
3106,0
3107,0
3108,0
3109,0
3110,1
3111,1
3112,0
3113,0
3114,1
3115,1
3116,0
3117,1
3118,0
3119,1
3120,0
3121,1
3122,1
3123,1
3124,1
3125,0
3126,0
3127,1
3128,0
3129,0
3130,1
3131,0
3132,0
3133,1
3134,0
3135,1
3136,0
3137,0
3138,1
3139,1
3140,0
3141,0
3142,0
3143,0
3144,1
3145,1
3146,1
3147,0
3148,1
3149,1
3150,1
3151,0
3152,0
3153,0
3154,0
3155,1
3156,1
3157,0
3158,1
3159,1
3160,0
3161,0
3162,1
3163,0
3164,1
3165,1
3166,0
3167,0
3168,0
3169,1
3170,0
3171,1
3172,1
3173,0
3174,0
3175,0
3176,1
3177,1
3178,0
3179,1
3180,0
3181,1
3182,0
3183,1
3184,1
3185,1
3186,1
3187,0
3188,1
3189,0
3190,1
3191,0
3192,1
3193,1
3194,1
3195,1
3196,1
3197,0
3198,0
3199,1
3200,0
3201,1
3202,1
3203,1
3204,1
3205,1
3206,0
3207,1
3208,1
3209,0
3210,0
3211,1
3212,0
3213,1
3214,1
3215,1
3216,0
3217,0
3218,1
3219,0
3220,0
3221,1
3222,1
3223,0
3224,1
3225,1
3226,0
3227,1
3228,0
3229,0
3230,0
3231,1
3232,0
3233,1
3234,0
3235,1
3236,1
3237,0
3238,0
3239,1
3240,0
3241,1
3242,0
3243,1
3244,1
3245,1
3246,0
3247,0
3248,1
3249,1
3250,0
3251,0
3252,0
3253,0
3254,0
3255,0
3256,0
3257,0
3258,1
3259,1
3260,0
3261,1
3262,0
3263,1
3264,1
3265,1
3266,0
3267,1
3268,1
3269,0
3270,1
3271,1
3272,1
3273,1
3274,0
3275,1
3276,1
3277,1
3278,0
3279,0
3280,0
3281,1
3282,1
3283,0
3284,1
3285,1
3286,1
3287,1
3288,1
3289,0
3290,1
3291,1
3292,1
3293,1
3294,1
3295,1
3296,0
3297,0
3298,1
3299,0
3300,0
3301,0
3302,0
3303,0
3304,1
3305,0
3306,0
3307,0
3308,0
3309,1
3310,0
3311,1
3312,1
3313,1
3314,1
3315,1
3316,1
3317,1
3318,0
3319,1
3320,0
3321,0
3322,0
3323,0
3324,1
3325,0
3326,0
3327,1
3328,0
3329,0
3330,1
3331,0
3332,0
3333,0
3334,0
3335,1
3336,0
3337,1
3338,0
3339,0
3340,0
3341,0
3342,1
3343,1
3344,1
3345,0
3346,1
3347,0
3348,0
3349,0
3350,1
3351,0
3352,0
3353,1
3354,0
3355,0
3356,1
3357,1
3358,1
3359,1
3360,1
3361,1
3362,0
3363,1
3364,0
3365,1
3366,0
3367,0
3368,1
3369,1
3370,1
3371,1
3372,0
3373,1
3374,0
3375,0
3376,0
3377,0
3378,1
3379,0
3380,1
3381,0
3382,1
3383,1
3384,1
3385,1
3386,1
3387,0
3388,1
3389,0
3390,0
3391,1
3392,0
3393,1
3394,0
3395,1
3396,0
3397,1
3398,0
3399,0
3400,1
3401,1
3402,1
3403,1
3404,1
3405,0
3406,0
3407,0
3408,0
3409,0
3410,0
3411,0
3412,1
3413,1
3414,1
3415,1
3416,0
3417,0
3418,1
3419,0
3420,0
3421,0
3422,1
3423,1
3424,0
3425,0
3426,1
3427,0
3428,1
3429,0
3430,0
3431,0
3432,1
3433,0
3434,1
3435,1
3436,0
3437,1
3438,0
3439,0
3440,1
3441,0
3442,0
3443,1
3444,0
3445,0
3446,0
3447,0
3448,1
3449,1
3450,0
3451,0
3452,1
3453,0
3454,0
3455,0
3456,0
3457,0
3458,1
3459,1
3460,1
3461,1
3462,0
3463,1
3464,1
3465,1
3466,0
3467,0
3468,1
3469,1
3470,1
3471,0
3472,0
3473,0
3474,1
3475,0
3476,1
3477,0
3478,1
3479,0
3480,1
3481,0
3482,1
3483,0
3484,0
3485,0
3486,1
3487,0
3488,1
3489,1
3490,0
3491,1
3492,0
3493,1
3494,0
3495,0
3496,1
3497,1
3498,0
3499,0
3500,1
3501,1
3502,1
3503,0
3504,0
3505,0
3506,1
3507,1
3508,1
3509,1
3510,1
3511,0
3512,0
3513,1
3514,0
3515,0
3516,0
3517,0
3518,1
3519,0
3520,1
3521,1
3522,0
3523,0
3524,1
3525,1
3526,1
3527,0
3528,1
3529,0
3530,0
3531,1
3532,0
3533,1
3534,0
3535,0
3536,1
3537,1
3538,1
3539,0
3540,1
3541,0
3542,1
3543,0
3544,0
3545,0
3546,0
3547,1
3548,0
3549,0
3550,1
3551,1
3552,1
3553,0
3554,0
3555,1
3556,1
3557,1
3558,1
3559,0
3560,0
3561,1
3562,0
3563,1
3564,1
3565,1
3566,0
3567,1
3568,0
3569,1
3570,0
3571,1
3572,0
3573,0
3574,1
3575,1
3576,1
3577,1
3578,1
3579,0
3580,0
3581,0
3582,1
3583,0
3584,0
3585,0
3586,0
3587,1
3588,1
3589,1
3590,1
3591,0
3592,1
3593,1
3594,0
3595,0
3596,1
3597,0
3598,1
3599,0
3600,1
3601,1
3602,0
3603,1
3604,1
3605,1
3606,0
3607,1
3608,0
3609,0
3610,0
3611,0
3612,0
3613,0
3614,0
3615,0
3616,0
3617,0
3618,1
3619,0
3620,0
3621,1
3622,1
3623,0
3624,0
3625,1
3626,0
3627,1
3628,1
3629,0
3630,0
3631,1
3632,0
3633,1
3634,0
3635,1
3636,1
3637,1
3638,1
3639,0
3640,0
3641,0
3642,1
3643,0
3644,0
3645,1
3646,1
3647,1
3648,1
3649,1
3650,1
3651,0
3652,1
3653,1
3654,0
3655,1
3656,1
3657,0
3658,0
3659,0
3660,1
3661,0
3662,1
3663,1
3664,1
3665,1
3666,0
3667,0
3668,1
3669,0
3670,0
3671,0
3672,0
3673,1
3674,1
3675,0
3676,1
3677,1
3678,0
3679,0
3680,1
3681,0
3682,1
3683,0
3684,1
3685,1
3686,1
3687,1
3688,1
3689,1
3690,1
3691,0
3692,1
3693,1
3694,0
3695,0
3696,0
3697,0
3698,0
3699,1
3700,1
3701,0
3702,1
3703,0
3704,0
3705,0
3706,1
3707,0
3708,1
3709,1
3710,1
3711,0
3712,1
3713,0
3714,1
3715,0
3716,1
3717,1
3718,0
3719,0
3720,1
3721,1
3722,0
3723,1
3724,1
3725,1
3726,0
3727,1
3728,1
3729,0
3730,0
3731,1
3732,0
3733,1
3734,1
3735,0
3736,1
3737,1
3738,0
3739,1
3740,0
3741,1
3742,0
3743,1
3744,1
3745,1
3746,1
3747,0
3748,0
3749,1
3750,1
3751,0
3752,0
3753,0
3754,0
3755,0
3756,0
3757,0
3758,1
3759,0
3760,0
3761,0
3762,0
3763,1
3764,1
3765,0
3766,1
3767,0
3768,0
3769,0
3770,0
3771,1
3772,0
3773,1
3774,1
3775,0
3776,0
3777,0
3778,1
3779,1
3780,1
3781,1
3782,1
3783,0
3784,1
3785,1
3786,1
3787,1
3788,1
3789,0
3790,1
3791,0
3792,1
3793,1
3794,0
3795,0
3796,1
3797,1
3798,1
3799,0
3800,1
3801,0
3802,1
3803,0
3804,1
3805,1
3806,0
3807,0
3808,0
3809,0
3810,0
3811,0
3812,1
3813,0
3814,0
3815,1
3816,0
3817,1
3818,1
3819,1
3820,0
3821,0
3822,1
3823,1
3824,0
3825,1
3826,0
3827,0
3828,1
3829,0
3830,1
3831,0
3832,1
3833,0
3834,0
3835,0
3836,0
3837,1
3838,1
3839,1
3840,1
3841,1
3842,0
3843,0
3844,0
3845,1
3846,0
3847,0
3848,0
3849,1
3850,1
3851,0
3852,1
3853,0
3854,0
3855,1
3856,1
3857,1
3858,0
3859,1
3860,0
3861,0
3862,0
3863,1
3864,1
3865,0
3866,1
3867,1
3868,0
3869,0
3870,1
3871,0
3872,1
3873,1
3874,1
3875,1
3876,1
3877,1
3878,1
3879,0
3880,0
3881,0
3882,0
3883,1
3884,0
3885,0
3886,0
3887,1
3888,0
3889,0
3890,1
3891,0
3892,0
3893,0
3894,0
3895,0
3896,1
3897,0
3898,0
3899,0
3900,0
3901,1
3902,1
3903,0
3904,0
3905,0
3906,0
3907,1
3908,1
3909,0
3910,0
3911,1
3912,0
3913,0
3914,0
3915,0
3916,1
3917,1
3918,0
3919,1
3920,1
3921,1
3922,1
3923,0
3924,1
3925,0
3926,1
3927,1
3928,1
3929,0
3930,1
3931,1
3932,1
3933,1
3934,1
3935,0
3936,1
3937,0
3938,1
3939,0
3940,0
3941,0
3942,1
3943,1
3944,0
3945,0
3946,1
3947,1
3948,0
3949,1
3950,0
3951,1
3952,0
3953,1
3954,1
3955,0
3956,0
3957,0
3958,0
3959,0
3960,0
3961,0
3962,1
3963,0
3964,0
3965,0
3966,1
3967,1
3968,1
3969,0
3970,1
3971,0
3972,1
3973,0
3974,0
3975,1
3976,0
3977,1
3978,1
3979,0
3980,0
3981,1
3982,1
3983,0
3984,0
3985,1
3986,0
3987,1
3988,1
3989,1
3990,1
3991,0
3992,1
3993,0
3994,0
3995,0
3996,0
3997,1
3998,0
3999,0
4000,1
4001,0
4002,0
4003,0
4004,0
4005,1
4006,1
4007,1
4008,0
4009,1
4010,1
4011,0
4012,0
4013,1
4014,0
4015,0
4016,1
4017,0
4018,1
4019,1
4020,0
4021,0
4022,0
4023,0
4024,0
4025,0
4026,0
4027,0
4028,0
4029,0
4030,0
4031,0
4032,1
4033,1
4034,1
4035,1
4036,1
4037,1
4038,0
4039,0
4040,0
4041,1
4042,1
4043,0
4044,0
4045,0
4046,1
4047,0
4048,0
4049,1
4050,0
4051,0
4052,0
4053,1
4054,1
4055,0
4056,1
4057,1
4058,0
4059,0
4060,0
4061,0
4062,1
4063,0
4064,1
4065,0
4066,1
4067,0
4068,1
4069,1
4070,0
4071,0
4072,1
4073,1
4074,0
4075,1
4076,1
4077,1
4078,0
4079,1
4080,1
4081,0
4082,1
4083,0
4084,0
4085,0
4086,0
4087,1
4088,1
4089,0
4090,1
4091,1
4092,0
4093,0
4094,1
4095,0
4096,0
4097,1
4098,1
4099,1
4100,0
4101,1
4102,1
4103,0
4104,0
4105,0
4106,0
4107,1
4108,0
4109,1
4110,0
4111,0
4112,1
4113,1
4114,1
4115,1
4116,1
4117,1
4118,1
4119,0
4120,1
4121,1
4122,1
4123,0
4124,0
4125,0
4126,1
4127,1
4128,0
4129,0
4130,0
4131,0
4132,1
4133,1
4134,1
4135,0
4136,0
4137,0
4138,1
4139,1
4140,1
4141,0
4142,1
4143,0
4144,0
4145,0
4146,1
4147,0
4148,1
4149,1
4150,0
4151,1
4152,1
4153,1
4154,1
4155,1
4156,0
4157,1
4158,0
4159,1
4160,1
4161,1
4162,0
4163,1
4164,1
4165,0
4166,0
4167,0
4168,1
4169,1
4170,0
4171,0
4172,0
4173,1
4174,0
4175,1
4176,0
4177,1
4178,0
4179,1
4180,1
4181,0
4182,0
4183,1
4184,1
4185,1
4186,1
4187,0
4188,1
4189,1
4190,0
4191,0
4192,1
4193,1
4194,1
4195,0
4196,1
4197,0
4198,1
4199,1
4200,0
4201,1
4202,0
4203,0
4204,1
4205,0
4206,0
4207,0
4208,0
4209,0
4210,0
4211,0
4212,1
4213,0
4214,0
4215,0
4216,1
4217,1
4218,1
4219,1
4220,1
4221,1
4222,0
4223,1
4224,1
4225,0
4226,0
4227,1
4228,1
4229,0
4230,0
4231,0
4232,1
4233,1
4234,1
4235,0
4236,1
4237,1
4238,0
4239,0
4240,0
4241,1
4242,0
4243,0
4244,0
4245,0
4246,0
4247,1
4248,0
4249,1
4250,1
4251,1
4252,1
4253,1
4254,0
4255,0
4256,0
4257,1
4258,1
4259,0
4260,1
4261,1
4262,0
4263,0
4264,0
4265,0
4266,1
4267,0
4268,0
4269,0
4270,0
4271,0
4272,0
4273,1
4274,0
4275,0
4276,0
4277,1
4278,1
4279,0
4280,1
4281,0
4282,0
4283,0
4284,0
4285,1
4286,0
4287,0
4288,1
4289,0
4290,1
4291,0
4292,0
4293,1
4294,0
4295,0
4296,1
4297,0
4298,1
4299,0
4300,0
4301,1
4302,0
4303,1
4304,1
4305,1
4306,0
4307,0
4308,0
4309,0
4310,1
4311,0
4312,0
4313,1
4314,0
4315,0
4316,0
4317,1
4318,0
4319,1
4320,1
4321,1
4322,0
4323,1
4324,1
4325,0
4326,1
4327,0
4328,0
4329,1
4330,0
4331,1
4332,0
4333,0
4334,0
4335,0
4336,0
4337,1
4338,0
4339,0
4340,1
4341,1
4342,0
4343,1
4344,0
4345,0
4346,0
4347,1
4348,1
4349,1
4350,0
4351,0
4352,0
4353,1
4354,0
4355,1
4356,0
4357,0
4358,0
4359,1
4360,1
4361,0
4362,0
4363,0
4364,0
4365,1
4366,0
4367,1
4368,0
4369,0
4370,1
4371,1
4372,1
4373,0
4374,1
4375,1
4376,1
4377,0
4378,1
4379,1
4380,0
4381,1
4382,0
4383,1
4384,1
4385,0
4386,0
4387,0
4388,1
4389,1
4390,1
4391,1
4392,0
4393,1
4394,1
4395,0
4396,1
4397,1
4398,0
4399,0
4400,0
4401,1
4402,0
4403,1
4404,0
4405,0
4406,0
4407,0
4408,1
4409,1
4410,1
4411,1
4412,0
4413,1
4414,0
4415,0
4416,1
4417,1
4418,1
4419,1
4420,0
4421,1
4422,1
4423,0
4424,1
4425,0
4426,0
4427,0
4428,1
4429,0
4430,0
4431,1
4432,0
4433,1
4434,1
4435,1
4436,0
4437,0
4438,0
4439,1
4440,0
4441,1
4442,0
4443,0
4444,0
4445,0
4446,1
4447,0
4448,1
4449,0
4450,1
4451,1
4452,1
4453,0
4454,0
4455,0
4456,0
4457,0
4458,1
4459,0
4460,1
4461,0
4462,1
4463,1
4464,0
4465,0
4466,1
4467,1
4468,1
4469,0
4470,0
4471,1
4472,0
4473,1
4474,0
4475,1
4476,1
4477,0
4478,0
4479,1
4480,1
4481,0
4482,1
4483,1
4484,1
4485,1
4486,0
4487,1
4488,0
4489,1
4490,1
4491,1
4492,1
4493,0
4494,1
4495,0
4496,1
4497,0
4498,0
4499,0
4500,0
4501,0
4502,1
4503,1
4504,0
4505,0
4506,1
4507,1
4508,1
4509,1
4510,1
4511,1
4512,0
4513,0
4514,0
4515,0
4516,0
4517,0
4518,0
4519,0
4520,1
4521,0
4522,1
4523,0
4524,0
4525,1
4526,1
4527,0
4528,0
4529,1
4530,1
4531,1
4532,1
4533,1
4534,1
4535,0
4536,0
4537,0
4538,0
4539,0
4540,0
4541,1
4542,0
4543,0
4544,1
4545,1
4546,1
4547,0
4548,1
4549,1
4550,1
4551,0
4552,0
4553,0
4554,1
4555,0
4556,0
4557,1
4558,1
4559,0
4560,1
4561,1
4562,1
4563,0
4564,1
4565,0
4566,0
4567,1
4568,0
4569,0
4570,0
4571,0
4572,1
4573,1
4574,0
4575,1
4576,0
4577,1
4578,0
4579,1
4580,0
4581,0
4582,0
4583,1
4584,0
4585,0
4586,1
4587,1
4588,0
4589,0
4590,1
4591,1
4592,0
4593,0
4594,0
4595,1
4596,0
4597,1
4598,0
4599,1
4600,1
4601,0
4602,0
4603,1
4604,0
4605,0
4606,1
4607,0
4608,1
4609,1
4610,1
4611,0
4612,1
4613,0
4614,1
4615,0
4616,1
4617,0
4618,0
4619,0
4620,0
4621,1
4622,1
4623,0
4624,1
4625,0
4626,0
4627,0
4628,0
4629,1
4630,1
4631,0
4632,1
4633,1
4634,0
4635,1
4636,0
4637,0
4638,0
4639,0
4640,1
4641,1
4642,0
4643,0
4644,0
4645,0
4646,0
4647,1
4648,1
4649,1
4650,0
4651,0
4652,0
4653,1
4654,0
4655,0
4656,1
4657,0
4658,1
4659,1
4660,0
4661,1
4662,0
4663,1
4664,0
4665,1
4666,0
4667,1
4668,1
4669,1
4670,1
4671,1
4672,0
4673,0
4674,0
4675,1
4676,0
4677,0
4678,0
4679,0
4680,0
4681,0
4682,0
4683,0
4684,1
4685,1
4686,1
4687,1
4688,1
4689,1
4690,0
4691,0
4692,0
4693,1
4694,0
4695,1
4696,0
4697,0
4698,1
4699,1
4700,1
4701,0
4702,1
4703,1
4704,0
4705,0
4706,0
4707,0
4708,0
4709,0
4710,1
4711,1
4712,1
4713,1
4714,1
4715,0
4716,0
4717,0
4718,1
4719,0
4720,1
4721,1
4722,1
4723,0
4724,0
4725,1
4726,1
4727,0
4728,1
4729,1
4730,1
4731,0
4732,1
4733,1
4734,0
4735,1
4736,1
4737,1
4738,0
4739,1
4740,1
4741,1
4742,1
4743,1
4744,1
4745,1
4746,1
4747,1
4748,0
4749,0
4750,1
4751,0
4752,0
4753,1
4754,1
4755,0
4756,0
4757,1
4758,1
4759,1
4760,0
4761,1
4762,0
4763,0
4764,0
4765,1
4766,1
4767,1
4768,0
4769,1
4770,1
4771,0
4772,0
4773,1
4774,1
4775,1
4776,0
4777,0
4778,0
4779,1
4780,0
4781,0
4782,1
4783,0
4784,1
4785,1
4786,0
4787,1
4788,1
4789,0
4790,0
4791,1
4792,0
4793,0
4794,1
4795,0
4796,1
4797,1
4798,0
4799,0
4800,0
4801,1
4802,1
4803,1
4804,1
4805,1
4806,0
4807,1
4808,1
4809,1
4810,1
4811,1
4812,0
4813,1
4814,0
4815,0
4816,0
4817,1
4818,1
4819,1
4820,0
4821,1
4822,0
4823,0
4824,1
4825,0
4826,1
4827,1
4828,0
4829,1
4830,1
4831,1
4832,1
4833,0
4834,0
4835,0
4836,1
4837,1
4838,1
4839,0
4840,1
4841,1
4842,1
4843,1
4844,0
4845,1
4846,0
4847,0
4848,1
4849,0
4850,0
4851,1
4852,0
4853,1
4854,0
4855,1
4856,0
4857,0
4858,1
4859,0
4860,1
4861,1
4862,0
4863,0
4864,0
4865,1
4866,0
4867,1
4868,1
4869,1
4870,0
4871,1
4872,0
4873,0
4874,1
4875,1
4876,0
4877,0
4878,0
4879,1
4880,1
4881,1
4882,1
4883,1
4884,1
4885,1
4886,0
4887,0
4888,1
4889,1
4890,0
4891,1
4892,1
4893,0
4894,1
4895,0
4896,0
4897,0
4898,0
4899,0
4900,1
4901,0
4902,0
4903,0
4904,0
4905,0
4906,1
4907,0
4908,1
4909,0
4910,0
4911,1
4912,0
4913,1
4914,1
4915,0
4916,0
4917,0
4918,1
4919,1
4920,0
4921,1
4922,0
4923,1
4924,1
4925,1
4926,1
4927,1
4928,0
4929,0
4930,1
4931,0
4932,0
4933,1
4934,1
4935,1
4936,1
4937,0
4938,0
4939,0
4940,0
4941,1
4942,1
4943,1
4944,0
4945,0
4946,0
4947,0
4948,0
4949,1
4950,1
4951,1
4952,1
4953,1
4954,0
4955,0
4956,0
4957,0
4958,0
4959,1
4960,0
4961,0
4962,0
4963,0
4964,0
4965,1
4966,1
4967,1
4968,1
4969,1
4970,1
4971,0
4972,1
4973,1
4974,1
4975,1
4976,1
4977,1
4978,1
4979,0
4980,1
4981,0
4982,1
4983,1
4984,1
4985,0
4986,1
4987,0
4988,1
4989,1
4990,0
4991,0
4992,1
4993,0
4994,1
4995,0
4996,0
4997,0
4998,1
4999,0
5000,1
5001,1
5002,1
5003,0
5004,1
5005,1
5006,0
5007,0
5008,0
5009,0
5010,1
5011,0
5012,1
5013,1
5014,0
5015,0
5016,0
5017,1
5018,1
5019,1
5020,1
5021,0
5022,1
5023,1
5024,0
5025,0
5026,0
5027,0
5028,0
5029,0
5030,0
5031,1
5032,1
5033,0
5034,0
5035,0
5036,1
5037,0
5038,0
5039,1
5040,1
5041,0
5042,1
5043,0
5044,1
5045,0
5046,0
5047,1
5048,1
5049,1
5050,1
5051,0
5052,1
5053,0
5054,0
5055,0
5056,1
5057,0
5058,1
5059,0
5060,1
5061,0
5062,0
5063,0
5064,0
5065,1
5066,1
5067,0
5068,0
5069,1
5070,0
5071,0
5072,0
5073,0
5074,1
5075,1
5076,1
5077,1
5078,1
5079,1
5080,1
5081,0
5082,0
5083,0
5084,1
5085,0
5086,1
5087,0
5088,1
5089,0
5090,0
5091,0
5092,0
5093,1
5094,1
5095,0
5096,1
5097,0
5098,0
5099,0
5100,1
5101,0
5102,1
5103,1
5104,0
5105,0
5106,1
5107,1
5108,0
5109,1
5110,1
5111,1
5112,1
5113,0
5114,1
5115,1
5116,1
5117,0
5118,1
5119,0
5120,0
5121,1
5122,0
5123,0
5124,0
5125,1
5126,0
5127,1
5128,0
5129,1
5130,1
5131,0
5132,0
5133,1
5134,1
5135,0
5136,0
5137,0
5138,0
5139,1
5140,1
5141,1
5142,1
5143,0
5144,0
5145,1
5146,0
5147,0
5148,0
5149,1
5150,1
5151,1
5152,1
5153,1
5154,1
5155,1
5156,0
5157,1
5158,0
5159,0
5160,1
5161,0
5162,1
5163,1
5164,0
5165,1
5166,1
5167,0
5168,1
5169,0
5170,0
5171,0
5172,1
5173,0
5174,1
5175,0
5176,1
5177,1
5178,1
5179,0
5180,0
5181,0
5182,1
5183,1
5184,0
5185,1
5186,1
5187,1
5188,0
5189,1
5190,1
5191,1
5192,1
5193,0
5194,1
5195,0
5196,1
5197,1
5198,0
5199,1
5200,1
5201,1
5202,1
5203,0
5204,1
5205,1
5206,0
5207,0
5208,0
5209,0
5210,1
5211,0
5212,1
5213,0
5214,1
5215,0
5216,0
5217,1
5218,1
5219,1
5220,0
5221,1
5222,0
5223,1
5224,1
5225,1
5226,0
5227,1
5228,0
5229,0
5230,1
5231,1
5232,0
5233,0
5234,1
5235,1
5236,1
5237,1
5238,0
5239,1
5240,0
5241,0
5242,0
5243,1
5244,1
5245,0
5246,0
5247,0
5248,1
5249,1
5250,1
5251,1
5252,0
5253,1
5254,1
5255,1
5256,1
5257,0
5258,1
5259,0
5260,0
5261,0
5262,1
5263,0
5264,0
5265,0
5266,1
5267,1
5268,0
5269,1
5270,1
5271,0
5272,0
5273,0
5274,0
5275,1
5276,0
5277,1
5278,0
5279,0
5280,1
5281,0
5282,1
5283,1
5284,1
5285,0
5286,1
5287,0
5288,1
5289,0
5290,1
5291,1
5292,1
5293,1
5294,1
5295,1
5296,1
5297,1
5298,1
5299,1
5300,1
5301,1
5302,0
5303,1
5304,1
5305,0
5306,1
5307,1
5308,0
5309,0
5310,0
5311,0
5312,0
5313,1
5314,0
5315,0
5316,0
5317,1
5318,0
5319,0
5320,0
5321,1
5322,1
5323,0
5324,1
5325,1
5326,1
5327,0
5328,0
5329,1
5330,1
5331,0
5332,1
5333,1
5334,0
5335,0
5336,1
5337,0
5338,0
5339,0
5340,1
5341,0
5342,0
5343,0
5344,0
5345,1
5346,0
5347,0
5348,1
5349,0
5350,0
5351,0
5352,0
5353,1
5354,0
5355,0
5356,0
5357,1
5358,0
5359,1
5360,0
5361,1
5362,1
5363,1
5364,0
5365,0
5366,0
5367,0
5368,0
5369,0
5370,1
5371,0
5372,1
5373,0
5374,1
5375,1
5376,1
5377,1
5378,0
5379,1
5380,0
5381,1
5382,1
5383,0
5384,1
5385,1
5386,1
5387,1
5388,0
5389,0
5390,1
5391,1
5392,1
5393,0
5394,1
5395,1
5396,0
5397,1
5398,0
5399,0
5400,1
5401,0
5402,1
5403,1
5404,1
5405,1
5406,1
5407,0
5408,0
5409,0
5410,1
5411,1
5412,1
5413,1
5414,1
5415,1
5416,1
5417,1
5418,1
5419,1
5420,1
5421,1
5422,1
5423,0
5424,1
5425,1
5426,0
5427,1
5428,1
5429,0
5430,1
5431,0
5432,1
5433,1
5434,0
5435,0
5436,1
5437,1
5438,0
5439,1
5440,1
5441,1
5442,0
5443,0
5444,1
5445,0
5446,0
5447,1
5448,1
5449,1
5450,1
5451,1
5452,0
5453,1
5454,0
5455,1
5456,1
5457,0
5458,0
5459,1
5460,0
5461,1
5462,0
5463,1
5464,0
5465,0
5466,1
5467,1
5468,0
5469,0
5470,0
5471,0
5472,0
5473,1
5474,0
5475,1
5476,0
5477,1
5478,1
5479,0
5480,0
5481,0
5482,0
5483,0
5484,0
5485,1
5486,0
5487,0
5488,1
5489,0
5490,0
5491,0
5492,1
5493,1
5494,0
5495,0
5496,0
5497,0
5498,0
5499,1
5500,1
5501,1
5502,1
5503,1
5504,1
5505,1
5506,0
5507,0
5508,0
5509,0
5510,0
5511,0
5512,0
5513,0
5514,0
5515,1
5516,1
5517,0
5518,0
5519,1
5520,0
5521,1
5522,1
5523,0
5524,0
5525,0
5526,0
5527,0
5528,1
5529,1
5530,0
5531,0
5532,1
5533,1
5534,0
5535,1
5536,0
5537,1
5538,1
5539,1
5540,0
5541,1
5542,0
5543,0
5544,1
5545,0
5546,1
5547,1
5548,0
5549,1
5550,1
5551,1
5552,0
5553,1
5554,0
5555,0
5556,1
5557,1
5558,0
5559,1
5560,1
5561,1
5562,1
5563,1
5564,0
5565,1
5566,1
5567,1
5568,0
5569,1
5570,1
5571,0
5572,0
5573,0
5574,0
5575,0
5576,1
5577,1
5578,1
5579,0
5580,0
5581,0
5582,0
5583,0
5584,0
5585,0
5586,1
5587,0
5588,0
5589,1
5590,1
5591,0
5592,0
5593,0
5594,0
5595,1
5596,0
5597,0
5598,0
5599,1
5600,1
5601,1
5602,1
5603,0
5604,0
5605,1
5606,0
5607,1
5608,0
5609,1
5610,0
5611,1
5612,0
5613,1
5614,0
5615,1
5616,0
5617,0
5618,1
5619,0
5620,0
5621,0
5622,1
5623,1
5624,1
5625,0
5626,1
5627,1
5628,1
5629,1
5630,0
5631,1
5632,1
5633,1
5634,1
5635,0
5636,0
5637,0
5638,1
5639,1
5640,0
5641,0
5642,1
5643,0
5644,1
5645,0
5646,0
5647,0
5648,0
5649,0
5650,0
5651,1
5652,0
5653,0
5654,1
5655,1
5656,1
5657,1
5658,1
5659,0
5660,1
5661,1
5662,0
5663,1
5664,1
5665,1
5666,1
5667,1
5668,0
5669,0
5670,0
5671,1
5672,1
5673,0
5674,0
5675,0
5676,0
5677,0
5678,0
5679,0
5680,1
5681,0
5682,0
5683,0
5684,0
5685,1
5686,1
5687,0
5688,1
5689,1
5690,1
5691,1
5692,1
5693,1
5694,1
5695,1
5696,1
5697,1
5698,0
5699,0
5700,1
5701,1
5702,1
5703,1
5704,0
5705,1
5706,0
5707,0
5708,0
5709,0
5710,0
5711,1
5712,1
5713,0
5714,0
5715,0
5716,1
5717,1
5718,0
5719,1
5720,0
5721,0
5722,0
5723,1
5724,0
5725,1
5726,0
5727,0
5728,0
5729,0
5730,0
5731,1
5732,1
5733,1
5734,1
5735,0
5736,1
5737,0
5738,0
5739,1
5740,1
5741,0
5742,1
5743,0
5744,0
5745,0
5746,0
5747,1
5748,1
5749,1
5750,0
5751,0
5752,1
5753,1
5754,0
5755,0
5756,0
5757,1
5758,1
5759,0
5760,0
5761,1
5762,0
5763,0
5764,0
5765,1
5766,1
5767,1
5768,1
5769,1
5770,1
5771,0
5772,1
5773,0
5774,1
5775,0
5776,1
5777,0
5778,1
5779,0
5780,1
5781,1
5782,1
5783,1
5784,1
5785,0
5786,0
5787,1
5788,0
5789,0
5790,1
5791,1
5792,0
5793,1
5794,1
5795,1
5796,1
5797,0
5798,1
5799,0
5800,0
5801,1
5802,1
5803,0
5804,0
5805,1
5806,0
5807,1
5808,0
5809,0
5810,0
5811,1
5812,1
5813,0
5814,1
5815,0
5816,0
5817,0
5818,1
5819,0
5820,1
5821,1
5822,0
5823,0
5824,0
5825,0
5826,0
5827,1
5828,1
5829,0
5830,0
5831,0
5832,1
5833,0
5834,1
5835,1
5836,1
5837,0
5838,1
5839,0
5840,1
5841,1
5842,0
5843,1
5844,0
5845,1
5846,1
5847,0
5848,0
5849,1
5850,0
5851,1
5852,0
5853,0
5854,0
5855,0
5856,1
5857,0
5858,0
5859,1
5860,0
5861,0
5862,0
5863,1
5864,1
5865,1
5866,1
5867,1
5868,0
5869,1
5870,1
5871,1
5872,0
5873,1
5874,0
5875,1
5876,0
5877,0
5878,1
5879,0
5880,1
5881,1
5882,0
5883,0
5884,0
5885,1
5886,0
5887,1
5888,0
5889,1
5890,0
5891,1
5892,0
5893,1
5894,1
5895,1
5896,1
5897,0
5898,0
5899,1
5900,0
5901,1
5902,1
5903,0
5904,1
5905,0
5906,0
5907,1
5908,0
5909,0
5910,1
5911,1
5912,0
5913,1
5914,1
5915,1
5916,0
5917,0
5918,1
5919,0
5920,1
5921,1
5922,0
5923,0
5924,1
5925,1
5926,0
5927,1
5928,1
5929,1
5930,0
5931,1
5932,1
5933,1
5934,0
5935,0
5936,1
5937,0
5938,0
5939,1
5940,0
5941,1
5942,1
5943,1
5944,1
5945,0
5946,0
5947,1
5948,0
5949,1
5950,1
5951,0
5952,1
5953,0
5954,0
5955,0
5956,0
5957,1
5958,0
5959,1
5960,1
5961,0
5962,0
5963,0
5964,1
5965,0
5966,1
5967,0
5968,0
5969,0
5970,0
5971,0
5972,0
5973,1
5974,1
5975,0
5976,1
5977,0
5978,0
5979,1
5980,1
5981,0
5982,1
5983,0
5984,1
5985,1
5986,0
5987,1
5988,1
5989,1
5990,0
5991,0
5992,0
5993,0
5994,0
5995,0
5996,1
5997,0
5998,1
5999,1
6000,0
6001,0
6002,0
6003,1
6004,1
6005,0
6006,0
6007,0
6008,0
6009,1
6010,0
6011,1
6012,1
6013,1
6014,0
6015,1
6016,0
6017,0
6018,0
6019,1
6020,1
6021,1
6022,1
6023,0
6024,1
6025,0
6026,1
6027,0
6028,0
6029,0
6030,0
6031,1
6032,1
6033,1
6034,0
6035,1
6036,1
6037,1
6038,0
6039,0
6040,0
6041,1
6042,0
6043,0
6044,1
6045,1
6046,0
6047,1
6048,1
6049,1
6050,0
6051,0
6052,0
6053,0
6054,0
6055,0
6056,0
6057,1
6058,1
6059,1
6060,0
6061,1
6062,1
6063,1
6064,1
6065,0
6066,0
6067,0
6068,1
6069,0
6070,0
6071,0
6072,0
6073,1
6074,1
6075,0
6076,0
6077,1
6078,1
6079,0
6080,0
6081,1
6082,0
6083,1
6084,0
6085,1
6086,0
6087,0
6088,1
6089,1
6090,1
6091,1
6092,0
6093,0
6094,0
6095,1
6096,1
6097,0
6098,0
6099,1
6100,0
6101,1
6102,0
6103,1
6104,0
6105,1
6106,0
6107,1
6108,0
6109,1
6110,0
6111,0
6112,0
6113,1
6114,1
6115,0
6116,1
6117,1
6118,0
6119,0
6120,1
6121,1
6122,1
6123,1
6124,1
6125,1
6126,0
6127,1
6128,0
6129,0
6130,1
6131,1
6132,0
6133,1
6134,1
6135,0
6136,1
6137,1
6138,0
6139,1
6140,1
6141,1
6142,1
6143,1
6144,0
6145,0
6146,1
6147,1
6148,1
6149,1
6150,0
6151,0
6152,1
6153,0
6154,1
6155,1
6156,1
6157,1
6158,0
6159,1
6160,1
6161,0
6162,1
6163,1
6164,0
6165,0
6166,1
6167,0
6168,1
6169,1
6170,0
6171,0
6172,0
6173,0
6174,0
6175,0
6176,0
6177,0
6178,1
6179,0
6180,1
6181,0
6182,0
6183,1
6184,0
6185,0
6186,1
6187,0
6188,0
6189,1
6190,1
6191,1
6192,1
6193,1
6194,1
6195,0
6196,1
6197,0
6198,0
6199,0
6200,0
6201,1
6202,1
6203,0
6204,0
6205,0
6206,0
6207,1
6208,1
6209,0
6210,0
6211,0
6212,1
6213,1
6214,1
6215,1
6216,0
6217,0
6218,1
6219,0
6220,0
6221,1
6222,1
6223,0
6224,1
6225,0
6226,0
6227,1
6228,0
6229,1
6230,0
6231,0
6232,1
6233,0
6234,1
6235,0
6236,1
6237,1
6238,0
6239,0
6240,1
6241,0
6242,0
6243,0
6244,0
6245,0
6246,1
6247,1
6248,1
6249,0
6250,1
6251,0
6252,0
6253,0
6254,1
6255,0
6256,0
6257,0
6258,0
6259,1
6260,0
6261,1
6262,1
6263,0
6264,0
6265,1
6266,0
6267,0
6268,0
6269,0
6270,0
6271,1
6272,0
6273,1
6274,0
6275,0
6276,1
6277,0
6278,0
6279,0
6280,0
6281,1
6282,0
6283,1
6284,0
6285,0
6286,1
6287,1
6288,0
6289,0
6290,0
6291,0
6292,0
6293,1
6294,1
6295,0
6296,1
6297,1
6298,0
6299,1
6300,1
6301,1
6302,1
6303,1
6304,0
6305,0
6306,1
6307,0
6308,0
6309,0
6310,1
6311,1
6312,1
6313,1
6314,1
6315,0
6316,0
6317,1
6318,0
6319,1
6320,1
6321,0
6322,0
6323,0
6324,0
6325,1
6326,0
6327,0
6328,1
6329,0
6330,0
6331,1
6332,0
6333,0
6334,1
6335,0
6336,1
6337,1
6338,1
6339,1
6340,0
6341,1
6342,1
6343,1
6344,1
6345,1
6346,0
6347,1
6348,0
6349,1
6350,0
6351,0
6352,1
6353,1
6354,0
6355,0
6356,0
6357,0
6358,0
6359,1
6360,0
6361,1
6362,0
6363,0
6364,0
6365,1
6366,0
6367,0
6368,1
6369,1
6370,0
6371,0
6372,1
6373,1
6374,0
6375,1
6376,1
6377,1
6378,1
6379,0
6380,1
6381,0
6382,1
6383,1
6384,0
6385,1
6386,0
6387,1
6388,0
6389,1
6390,1
6391,1
6392,1
6393,0
6394,1
6395,0
6396,0
6397,0
6398,1
6399,0
6400,0
6401,1
6402,0
6403,1
6404,0
6405,1
6406,0
6407,0
6408,1
6409,0
6410,0
6411,0
6412,0
6413,0
6414,1
6415,1
6416,0
6417,0
6418,0
6419,0
6420,1
6421,1
6422,1
6423,1
6424,0
6425,0
6426,0
6427,1
6428,0
6429,0
6430,0
6431,1
6432,0
6433,1
6434,0
6435,1
6436,1
6437,1
6438,1
6439,0
6440,0
6441,0
6442,0
6443,0
6444,0
6445,0
6446,1
6447,1
6448,0
6449,0
6450,0
6451,1
6452,1
6453,1
6454,1
6455,0
6456,0
6457,1
6458,1
6459,1
6460,1
6461,0
6462,0
6463,0
6464,1
6465,1
6466,1
6467,0
6468,1
6469,0
6470,1
6471,0
6472,1
6473,1
6474,0
6475,1
6476,0
6477,1
6478,0
6479,1
6480,1
6481,0
6482,1
6483,1
6484,0
6485,0
6486,1
6487,0
6488,1
6489,1
6490,1
6491,1
6492,1
6493,1
6494,1
6495,0
6496,1
6497,0
6498,0
6499,1
6500,0
6501,1
6502,1
6503,1
6504,0
6505,0
6506,1
6507,0
6508,0
6509,1
6510,1
6511,1
6512,1
6513,1
6514,1
6515,0
6516,1
6517,1
6518,0
6519,0
6520,0
6521,1
6522,0
6523,1
6524,0
6525,0
6526,1
6527,0
6528,1
6529,1
6530,1
6531,0
6532,1
6533,0
6534,1
6535,0
6536,0
6537,0
6538,1
6539,1
6540,1
6541,0
6542,1
6543,1
6544,1
6545,0
6546,0
6547,0
6548,1
6549,0
6550,0
6551,1
6552,1
6553,1
6554,0
6555,0
6556,0
6557,0
6558,0
6559,0
6560,1
6561,1
6562,0
6563,0
6564,1
6565,0
6566,0
6567,1
6568,1
6569,1
6570,0
6571,1
6572,0
6573,0
6574,1
6575,0
6576,1
6577,1
6578,0
6579,1
6580,0
6581,1
6582,0
6583,1
6584,1
6585,1
6586,0
6587,0
6588,0
6589,0
6590,1
6591,1
6592,1
6593,0
6594,0
6595,0
6596,0
6597,0
6598,1
6599,1
6600,0
6601,1
6602,1
6603,0
6604,1
6605,0
6606,0
6607,1
6608,1
6609,1
6610,0
6611,0
6612,1
6613,1
6614,0
6615,1
6616,0
6617,1
6618,1
6619,1
6620,0
6621,0
6622,1
6623,1
6624,0
6625,1
6626,1
6627,1
6628,1
6629,1
6630,1
6631,0
6632,1
6633,1
6634,1
6635,0
6636,0
6637,0
6638,0
6639,1
6640,0
6641,0
6642,1
6643,1
6644,1
6645,0
6646,0
6647,0
6648,0
6649,1
6650,1
6651,1
6652,0
6653,1
6654,0
6655,0
6656,0
6657,1
6658,1
6659,1
6660,0
6661,0
6662,0
6663,1
6664,0
6665,1
6666,0
6667,0
6668,0
6669,1
6670,1
6671,1
6672,0
6673,1
6674,0
6675,1
6676,0
6677,0
6678,1
6679,0
6680,0
6681,0
6682,0
6683,0
6684,0
6685,0
6686,0
6687,1
6688,0
6689,0
6690,1
6691,0
6692,0
6693,0
6694,0
6695,0
6696,1
6697,0
6698,0
6699,0
6700,1
6701,0
6702,0
6703,1
6704,1
6705,0
6706,0
6707,1
6708,1
6709,0
6710,1
6711,1
6712,1
6713,0
6714,0
6715,0
6716,1
6717,0
6718,0
6719,1
6720,0
6721,1
6722,1
6723,1
6724,1
6725,0
6726,0
6727,1
6728,1
6729,0
6730,1
6731,1
6732,1
6733,0
6734,1
6735,0
6736,1
6737,0
6738,0
6739,1
6740,0
6741,1
6742,1
6743,1
6744,1
6745,0
6746,0
6747,0
6748,0
6749,1
6750,1
6751,0
6752,1
6753,0
6754,1
6755,0
6756,0
6757,1
6758,0
6759,1
6760,1
6761,1
6762,1
6763,0
6764,0
6765,0
6766,0
6767,0
6768,1
6769,0
6770,0
6771,1
6772,0
6773,0
6774,0
6775,0
6776,0
6777,0
6778,1
6779,0
6780,0
6781,1
6782,0
6783,1
6784,0
6785,0
6786,0
6787,0
6788,1
6789,1
6790,0
6791,0
6792,0
6793,0
6794,0
6795,1
6796,0
6797,1
6798,0
6799,0
6800,1
6801,1
6802,0
6803,1
6804,1
6805,1
6806,1
6807,0
6808,0
6809,0
6810,0
6811,1
6812,1
6813,1
6814,1
6815,1
6816,0
6817,1
6818,1
6819,0
6820,1
6821,0
6822,0
6823,1
6824,0
6825,0
6826,0
6827,1
6828,1
6829,0
6830,1
6831,1
6832,0
6833,0
6834,0
6835,0
6836,1
6837,0
6838,0
6839,1
6840,1
6841,1
6842,1
6843,0
6844,0
6845,1
6846,1
6847,0
6848,1
6849,0
6850,0
6851,0
6852,1
6853,1
6854,1
6855,0
6856,0
6857,1
6858,1
6859,0
6860,0
6861,0
6862,1
6863,1
6864,1
6865,0
6866,0
6867,0
6868,1
6869,0
6870,0
6871,0
6872,1
6873,0
6874,0
6875,0
6876,0
6877,1
6878,1
6879,0
6880,0
6881,1
6882,0
6883,1
6884,1
6885,0
6886,1
6887,1
6888,0
6889,1
6890,0
6891,1
6892,1
6893,0
6894,0
6895,1
6896,0
6897,1
6898,1
6899,1
6900,1
6901,0
6902,0
6903,1
6904,1
6905,1
6906,1
6907,1
6908,1
6909,1
6910,0
6911,1
6912,0
6913,0
6914,0
6915,0
6916,1
6917,0
6918,1
6919,1
6920,1
6921,1
6922,0
6923,0
6924,0
6925,0
6926,0
6927,1
6928,0
6929,0
6930,1
6931,1
6932,0
6933,1
6934,0
6935,1
6936,1
6937,1
6938,1
6939,1
6940,0
6941,0
6942,0
6943,1
6944,1
6945,0
6946,1
6947,1
6948,0
6949,0
6950,1
6951,0
6952,0
6953,1
6954,0
6955,0
6956,1
6957,1
6958,0
6959,0
6960,0
6961,1
6962,1
6963,0
6964,0
6965,0
6966,1
6967,1
6968,1
6969,0
6970,1
6971,0
6972,0
6973,0
6974,1
6975,0
6976,0
6977,0
6978,1
6979,0
6980,0
6981,0
6982,0
6983,1
6984,1
6985,0
6986,0
6987,1
6988,0
6989,0
6990,1
6991,1
6992,0
6993,1
6994,0
6995,0
6996,0
6997,1
6998,1
6999,0
7000,1
7001,1
7002,0
7003,1
7004,0
7005,0
7006,1
7007,1
7008,1
7009,0
7010,1
7011,1
7012,0
7013,1
7014,0
7015,0
7016,1
7017,0
7018,1
7019,0
7020,1
7021,0
7022,0
7023,0
7024,1
7025,1
7026,1
7027,0
7028,1
7029,0
7030,0
7031,1
7032,0
7033,0
7034,0
7035,1
7036,1
7037,1
7038,1
7039,1
7040,1
7041,0
7042,0
7043,1
7044,1
7045,0
7046,0
7047,0
7048,0
7049,0
7050,0
7051,1
7052,1
7053,0
7054,1
7055,0
7056,0
7057,0
7058,0
7059,0
7060,1
7061,1
7062,1
7063,0
7064,1
7065,1
7066,1
7067,0
7068,0
7069,0
7070,0
7071,0
7072,1
7073,0
7074,0
7075,1
7076,0
7077,0
7078,0
7079,0
7080,1
7081,0
7082,0
7083,1
7084,1
7085,0
7086,1
7087,1
7088,0
7089,1
7090,0
7091,0
7092,1
7093,1
7094,0
7095,1
7096,1
7097,1
7098,0
7099,0
7100,1
7101,0
7102,0
7103,1
7104,0
7105,1
7106,0
7107,0
7108,1
7109,1
7110,1
7111,1
7112,0
7113,0
7114,1
7115,1
7116,0
7117,0
7118,1
7119,1
7120,0
7121,0
7122,0
7123,0
7124,1
7125,0
7126,0
7127,0
7128,1
7129,1
7130,0
7131,1
7132,1
7133,1
7134,0
7135,1
7136,0
7137,0
7138,0
7139,1
7140,1
7141,0
7142,1
7143,0
7144,1
7145,1
7146,0
7147,1
7148,1
7149,1
7150,1
7151,1
7152,0
7153,1
7154,0
7155,0
7156,1
7157,1
7158,1
7159,1
7160,1
7161,1
7162,0
7163,1
7164,1
7165,0
7166,1
7167,1
7168,0
7169,1
7170,0
7171,0
7172,1
7173,0
7174,0
7175,0
7176,0
7177,0
7178,1
7179,0
7180,1
7181,1
7182,1
7183,1
7184,0
7185,0
7186,0
7187,0
7188,0
7189,0
7190,0
7191,1
7192,1
7193,1
7194,0
7195,0
7196,0
7197,0
7198,0
7199,1
7200,0
7201,1
7202,1
7203,1
7204,0
7205,0
7206,0
7207,1
7208,0
7209,0
7210,0
7211,1
7212,1
7213,0
7214,0
7215,0
7216,1
7217,1
7218,1
7219,1
7220,1
7221,0
7222,1
7223,0
7224,1
7225,0
7226,0
7227,1
7228,0
7229,1
7230,0
7231,1
7232,1
7233,1
7234,1
7235,1
7236,1
7237,1
7238,0
7239,0
7240,1
7241,1
7242,1
7243,0
7244,1
7245,1
7246,1
7247,0
7248,0
7249,1
7250,0
7251,0
7252,0
7253,1
7254,1
7255,1
7256,0
7257,1
7258,0
7259,1
7260,0
7261,0
7262,0
7263,0
7264,1
7265,0
7266,0
7267,1
7268,0
7269,1
7270,1
7271,1
7272,0
7273,1
7274,1
7275,1
7276,1
7277,0
7278,0
7279,1
7280,0
7281,0
7282,0
7283,1
7284,0
7285,1
7286,1
7287,0
7288,1
7289,0
7290,1
7291,1
7292,0
7293,0
7294,1
7295,1
7296,1
7297,1
7298,1
7299,1
7300,1
7301,0
7302,0
7303,0
7304,0
7305,1
7306,0
7307,0
7308,1
7309,0
7310,1
7311,0
7312,1
7313,0
7314,1
7315,1
7316,1
7317,0
7318,1
7319,1
7320,1
7321,0
7322,1
7323,0
7324,1
7325,1
7326,0
7327,0
7328,1
7329,1
7330,1
7331,1
7332,1
7333,0
7334,0
7335,0
7336,1
7337,0
7338,1
7339,0
7340,0
7341,0
7342,1
7343,0
7344,0
7345,0
7346,0
7347,0
7348,0
7349,1
7350,1
7351,0
7352,0
7353,0
7354,0
7355,1
7356,0
7357,1
7358,0
7359,0
7360,0
7361,1
7362,0
7363,1
7364,1
7365,0
7366,0
7367,1
7368,0
7369,0
7370,0
7371,0
7372,0
7373,1
7374,0
7375,1
7376,1
7377,0
7378,1
7379,0
7380,1
7381,1
7382,1
7383,1
7384,0
7385,1
7386,1
7387,0
7388,1
7389,1
7390,1
7391,0
7392,0
7393,1
7394,1
7395,1
7396,0
7397,1
7398,1
7399,0
7400,1
7401,1
7402,1
7403,0
7404,0
7405,0
7406,0
7407,1
7408,0
7409,1
7410,1
7411,0
7412,0
7413,0
7414,0
7415,0
7416,1
7417,0
7418,0
7419,1
7420,0
7421,1
7422,1
7423,0
7424,1
7425,1
7426,1
7427,0
7428,0
7429,0
7430,0
7431,1
7432,0
7433,1
7434,1
7435,0
7436,1
7437,0
7438,1
7439,0
7440,0
7441,0
7442,0
7443,1
7444,1
7445,1
7446,1
7447,0
7448,1
7449,1
7450,0
7451,0
7452,0
7453,0
7454,1
7455,0
7456,0
7457,0
7458,0
7459,0
7460,1
7461,0
7462,0
7463,1
7464,0
7465,0
7466,0
7467,1
7468,1
7469,1
7470,1
7471,1
7472,1
7473,1
7474,1
7475,1
7476,1
7477,1
7478,1
7479,0
7480,1
7481,1
7482,0
7483,1
7484,0
7485,0
7486,0
7487,1
7488,1
7489,1
7490,0
7491,1
7492,0
7493,1
7494,1
7495,0
7496,1
7497,1
7498,1
7499,0
7500,0
7501,0
7502,0
7503,1
7504,1
7505,0
7506,1
7507,1
7508,0
7509,1
7510,1
7511,0
7512,0
7513,0
7514,1
7515,0
7516,0
7517,0
7518,0
7519,1
7520,1
7521,0
7522,0
7523,1
7524,0
7525,0
7526,0
7527,1
7528,0
7529,0
7530,1
7531,0
7532,0
7533,0
7534,0
7535,0
7536,1
7537,1
7538,0
7539,0
7540,1
7541,0
7542,0
7543,0
7544,1
7545,1
7546,0
7547,1
7548,0
7549,0
7550,1
7551,1
7552,0
7553,0
7554,0
7555,1
7556,0
7557,0
7558,1
7559,0
7560,0
7561,0
7562,1
7563,0
7564,1
7565,0
7566,1
7567,1
7568,1
7569,0
7570,0
7571,1
7572,1
7573,0
7574,1
7575,0
7576,1
7577,0
7578,1
7579,1
7580,1
7581,0
7582,1
7583,1
7584,0
7585,1
7586,1
7587,1
7588,0
7589,0
7590,1
7591,1
7592,0
7593,0
7594,1
7595,0
7596,1
7597,0
7598,1
7599,0
7600,0
7601,0
7602,0
7603,1
7604,1
7605,0
7606,1
7607,0
7608,1
7609,1
7610,0
7611,0
7612,0
7613,1
7614,0
7615,1
7616,0
7617,1
7618,0
7619,0
7620,1
7621,1
7622,0
7623,0
7624,1
7625,1
7626,0
7627,0
7628,0
7629,1
7630,0
7631,0
7632,1
7633,1
7634,1
7635,1
7636,1
7637,0
7638,0
7639,0
7640,1
7641,1
7642,1
7643,1
7644,1
7645,1
7646,1
7647,0
7648,1
7649,1
7650,1
7651,1
7652,1
7653,0
7654,1
7655,0
7656,1
7657,1
7658,0
7659,1
7660,1
7661,1
7662,0
7663,0
7664,1
7665,0
7666,0
7667,1
7668,0
7669,0
7670,0
7671,0
7672,0
7673,1
7674,1
7675,1
7676,0
7677,1
7678,0
7679,1
7680,0
7681,1
7682,0
7683,0
7684,0
7685,1
7686,1
7687,0
7688,0
7689,0
7690,0
7691,1
7692,0
7693,0
7694,0
7695,0
7696,0
7697,1
7698,1
7699,1
7700,1
7701,1
7702,0
7703,0
7704,1
7705,0
7706,0
7707,1
7708,0
7709,1
7710,0
7711,0
7712,0
7713,1
7714,1
7715,0
7716,1
7717,1
7718,0
7719,1
7720,0
7721,1
7722,1
7723,0
7724,1
7725,1
7726,0
7727,0
7728,0
7729,0
7730,1
7731,0
7732,1
7733,1
7734,0
7735,1
7736,1
7737,0
7738,0
7739,0
7740,0
7741,0
7742,1
7743,1
7744,0
7745,0
7746,1
7747,1
7748,1
7749,1
7750,1
7751,0
7752,1
7753,1
7754,1
7755,1
7756,1
7757,0
7758,1
7759,1
7760,1
7761,0
7762,1
7763,1
7764,0
7765,0
7766,1
7767,0
7768,0
7769,1
7770,1
7771,0
7772,0
7773,0
7774,1
7775,1
7776,0
7777,0
7778,0
7779,1
7780,1
7781,0
7782,1
7783,0
7784,0
7785,0
7786,0
7787,0
7788,1
7789,0
7790,1
7791,1
7792,0
7793,0
7794,1
7795,1
7796,1
7797,0
7798,0
7799,1
7800,0
7801,1
7802,0
7803,1
7804,1
7805,0
7806,0
7807,1
7808,1
7809,1
7810,1
7811,1
7812,1
7813,1
7814,1
7815,0
7816,0
7817,1
7818,1
7819,1
7820,0
7821,1
7822,1
7823,1
7824,0
7825,0
7826,0
7827,0
7828,1
7829,1
7830,0
7831,0
7832,1
7833,1
7834,1
7835,1
7836,0
7837,1
7838,1
7839,1
7840,1
7841,1
7842,1
7843,0
7844,0
7845,0
7846,1
7847,0
7848,0
7849,0
7850,0
7851,0
7852,0
7853,0
7854,1
7855,0
7856,1
7857,0
7858,0
7859,0
7860,0
7861,1
7862,0
7863,1
7864,1
7865,1
7866,1
7867,1
7868,0
7869,0
7870,0
7871,1
7872,1
7873,1
7874,0
7875,0
7876,0
7877,0
7878,0
7879,1
7880,1
7881,0
7882,1
7883,0
7884,0
7885,0
7886,0
7887,0
7888,1
7889,0
7890,0
7891,0
7892,1
7893,0
7894,0
7895,0
7896,1
7897,0
7898,1
7899,0
7900,1
7901,0
7902,1
7903,0
7904,1
7905,0
7906,0
7907,0
7908,1
7909,1
7910,0
7911,0
7912,0
7913,1
7914,0
7915,0
7916,0
7917,1
7918,1
7919,0
7920,1
7921,1
7922,0
7923,1
7924,0
7925,0
7926,1
7927,0
7928,0
7929,0
7930,0
7931,0
7932,0
7933,0
7934,0
7935,0
7936,1
7937,1
7938,0
7939,0
7940,0
7941,1
7942,0
7943,1
7944,1
7945,1
7946,0
7947,0
7948,1
7949,0
7950,1
7951,1
7952,0
7953,0
7954,0
7955,0
7956,0
7957,0
7958,1
7959,0
7960,1
7961,0
7962,0
7963,0
7964,0
7965,1
7966,0
7967,0
7968,0
7969,1
7970,1
7971,1
7972,1
7973,0
7974,0
7975,1
7976,1
7977,0
7978,0
7979,0
7980,1
7981,0
7982,1
7983,0
7984,1
7985,1
7986,1
7987,0
7988,0
7989,1
7990,1
7991,1
7992,0
7993,1
7994,1
7995,1
7996,0
7997,1
7998,0
7999,0
8000,0
8001,0
8002,1
8003,0
8004,1
8005,0
8006,1
8007,1
8008,1
8009,1
8010,1
8011,1
8012,0
8013,1
8014,0
8015,1
8016,1
8017,0
8018,1
8019,0
8020,0
8021,0
8022,1
8023,1
8024,1
8025,0
8026,0
8027,1
8028,0
8029,1
8030,0
8031,0
8032,0
8033,1
8034,0
8035,1
8036,0
8037,0
8038,0
8039,0
8040,1
8041,0
8042,0
8043,0
8044,0
8045,0
8046,0
8047,0
8048,1
8049,1
8050,1
8051,0
8052,0
8053,0
8054,1
8055,1
8056,0
8057,1
8058,0
8059,0
8060,1
8061,1
8062,0
8063,0
8064,0
8065,0
8066,1
8067,1
8068,0
8069,0
8070,1
8071,0
8072,0
8073,0
8074,1
8075,1
8076,0
8077,1
8078,0
8079,1
8080,1
8081,0
8082,0
8083,0
8084,1
8085,1
8086,0
8087,1
8088,0
8089,0
8090,1
8091,0
8092,1
8093,0
8094,1
8095,1
8096,0
8097,0
8098,1
8099,1
8100,1
8101,0
8102,0
8103,1
8104,0
8105,0
8106,0
8107,1
8108,1
8109,1
8110,0
8111,1
8112,0
8113,1
8114,1
8115,1
8116,1
8117,1
8118,0
8119,1
8120,0
8121,0
8122,0
8123,0
8124,0
8125,1
8126,0
8127,0
8128,0
8129,0
8130,1
8131,0
8132,0
8133,0
8134,0
8135,0
8136,1
8137,0
8138,1
8139,0
8140,1
8141,1
8142,1
8143,1
8144,1
8145,0
8146,0
8147,1
8148,0
8149,0
8150,0
8151,1
8152,0
8153,0
8154,1
8155,0
8156,0
8157,0
8158,0
8159,1
8160,0
8161,0
8162,0
8163,0
8164,1
8165,0
8166,1
8167,1
8168,1
8169,0
8170,1
8171,0
8172,1
8173,1
8174,0
8175,1
8176,0
8177,1
8178,0
8179,0
8180,0
8181,0
8182,0
8183,0
8184,1
8185,1
8186,1
8187,0
8188,0
8189,0
8190,0
8191,1
8192,0
8193,1
8194,0
8195,0
8196,0
8197,1
8198,1
8199,1
8200,1
8201,1
8202,1
8203,1
8204,1
8205,0
8206,0
8207,1
8208,1
8209,0
8210,1
8211,1
8212,0
8213,0
8214,1
8215,0
8216,1
8217,0
8218,0
8219,0
8220,1
8221,1
8222,1
8223,0
8224,0
8225,0
8226,0
8227,1
8228,1
8229,1
8230,1
8231,1
8232,0
8233,0
8234,0
8235,0
8236,1
8237,0
8238,1
8239,0
8240,0
8241,0
8242,0
8243,1
8244,1
8245,1
8246,0
8247,0
8248,1
8249,0
8250,0
8251,1
8252,0
8253,1
8254,1
8255,1
8256,1
8257,0
8258,1
8259,1
8260,0
8261,0
8262,1
8263,0
8264,1
8265,1
8266,0
8267,1
8268,0
8269,1
8270,0
8271,1
8272,1
8273,1
8274,0
8275,1
8276,1
8277,0
8278,0
8279,0
8280,1
8281,0
8282,1
8283,0
8284,1
8285,0
8286,0
8287,1
8288,0
8289,1
8290,0
8291,1
8292,0
8293,1
8294,1
8295,0
8296,1
8297,0
8298,1
8299,0
8300,0
8301,0
8302,0
8303,0
8304,1
8305,0
8306,0
8307,1
8308,0
8309,0
8310,0
8311,1
8312,0
8313,0
8314,1
8315,0
8316,0
8317,1
8318,0
8319,1
8320,0
8321,1
8322,1
8323,0
8324,1
8325,1
8326,0
8327,1
8328,1
8329,1
8330,1
8331,0
8332,1
8333,0
8334,1
8335,1
8336,0
8337,0
8338,0
8339,1
8340,0
8341,1
8342,0
8343,1
8344,1
8345,0
8346,1
8347,0
8348,1
8349,0
8350,1
8351,0
8352,1
8353,0
8354,1
8355,0
8356,1
8357,0
8358,1
8359,0
8360,0
8361,1
8362,1
8363,0
8364,1
8365,1
8366,0
8367,1
8368,1
8369,0
8370,1
8371,0
8372,0
8373,0
8374,0
8375,1
8376,0
8377,0
8378,0
8379,0
8380,0
8381,1
8382,0
8383,0
8384,1
8385,0
8386,0
8387,1
8388,0
8389,0
8390,0
8391,1
8392,1
8393,0
8394,1
8395,1
8396,0
8397,1
8398,1
8399,1
8400,0
8401,1
8402,1
8403,0
8404,0
8405,0
8406,1
8407,1
8408,1
8409,0
8410,1
8411,0
8412,1
8413,0
8414,0
8415,0
8416,0
8417,1
8418,1
8419,1
8420,0
8421,0
8422,1
8423,0
8424,1
8425,1
8426,1
8427,0
8428,1
8429,1
8430,0
8431,1
8432,1
8433,1
8434,0
8435,0
8436,0
8437,0
8438,1
8439,0
8440,1
8441,0
8442,0
8443,0
8444,0
8445,0
8446,0
8447,0
8448,1
8449,0
8450,1
8451,0
8452,1
8453,1
8454,1
8455,0
8456,1
8457,0
8458,0
8459,0
8460,1
8461,0
8462,1
8463,0
8464,1
8465,1
8466,1
8467,0
8468,1
8469,0
8470,0
8471,1
8472,1
8473,0
8474,0
8475,1
8476,0
8477,0
8478,0
8479,0
8480,0
8481,1
8482,1
8483,0
8484,1
8485,1
8486,1
8487,0
8488,0
8489,1
8490,1
8491,0
8492,0
8493,1
8494,1
8495,1
8496,1
8497,1
8498,1
8499,0
8500,0
8501,1
8502,1
8503,0
8504,1
8505,0
8506,1
8507,1
8508,0
8509,1
8510,1
8511,0
8512,0
8513,0
8514,0
8515,1
8516,1
8517,0
8518,1
8519,0
8520,0
8521,1
8522,0
8523,0
8524,0
8525,1
8526,0
8527,0
8528,0
8529,1
8530,0
8531,1
8532,1
8533,0
8534,0
8535,1
8536,1
8537,0
8538,0
8539,0
8540,0
8541,0
8542,0
8543,1
8544,1
8545,1
8546,1
8547,1
8548,0
8549,1
8550,1
8551,1
8552,1
8553,0
8554,0
8555,0
8556,0
8557,0
8558,0
8559,0
8560,1
8561,1
8562,0
8563,1
8564,1
8565,0
8566,0
8567,1
8568,1
8569,0
8570,0
8571,0
8572,1
8573,1
8574,1
8575,0
8576,0
8577,0
8578,0
8579,1
8580,0
8581,0
8582,1
8583,0
8584,0
8585,1
8586,1
8587,1
8588,1
8589,0
8590,0
8591,0
8592,1
8593,1
8594,0
8595,1
8596,1
8597,0
8598,1
8599,1
8600,1
8601,1
8602,1
8603,0
8604,1
8605,0
8606,0
8607,0
8608,1
8609,0
8610,0
8611,0
8612,1
8613,1
8614,0
8615,1
8616,0
8617,1
8618,0
8619,1
8620,0
8621,1
8622,0
8623,1
8624,1
8625,1
8626,0
8627,0
8628,1
8629,0
8630,1
8631,0
8632,0
8633,0
8634,1
8635,0
8636,0
8637,0
8638,1
8639,1
8640,0
8641,0
8642,0
8643,0
8644,0
8645,1
8646,1
8647,1
8648,0
8649,1
8650,0
8651,1
8652,0
8653,1
8654,1
8655,0
8656,1
8657,0
8658,1
8659,1
8660,1
8661,0
8662,0
8663,1
8664,1
8665,1
8666,0
8667,0
8668,1
8669,1
8670,1
8671,1
8672,1
8673,0
8674,1
8675,0
8676,1
8677,1
8678,0
8679,0
8680,1
8681,0
8682,0
8683,1
8684,1
8685,0
8686,0
8687,0
8688,1
8689,1
8690,0
8691,0
8692,0
8693,0
8694,0
8695,0
8696,1
8697,0
8698,0
8699,1
8700,1
8701,0
8702,1
8703,1
8704,0
8705,0
8706,1
8707,0
8708,0
8709,0
8710,1
8711,1
8712,1
8713,0
8714,0
8715,1
8716,1
8717,1
8718,1
8719,0
8720,0
8721,0
8722,0
8723,0
8724,1
8725,1
8726,1
8727,1
8728,1
8729,1
8730,0
8731,1
8732,1
8733,1
8734,0
8735,1
8736,0
8737,0
8738,0
8739,1
8740,0
8741,0
8742,0
8743,1
8744,0
8745,0
8746,1
8747,1
8748,0
8749,1
8750,1
8751,1
8752,0
8753,1
8754,1
8755,1
8756,1
8757,1
8758,1
8759,0
8760,0
8761,0
8762,0
8763,1
8764,0
8765,0
8766,1
8767,1
8768,0
8769,1
8770,1
8771,0
8772,1
8773,1
8774,0
8775,1
8776,0
8777,0
8778,0
8779,0
8780,1
8781,0
8782,1
8783,1
8784,1
8785,1
8786,0
8787,0
8788,0
8789,0
8790,1
8791,1
8792,0
8793,1
8794,1
8795,1
8796,0
8797,0
8798,1
8799,1
8800,0
8801,0
8802,1
8803,1
8804,0
8805,1
8806,1
8807,0
8808,1
8809,0
8810,1
8811,1
8812,1
8813,1
8814,1
8815,1
8816,0
8817,0
8818,0
8819,0
8820,1
8821,1
8822,1
8823,0
8824,0
8825,0
8826,1
8827,1
8828,1
8829,1
8830,0
8831,1
8832,0
8833,1
8834,0
8835,1
8836,0
8837,1
8838,1
8839,1
8840,0
8841,0
8842,0
8843,0
8844,0
8845,1
8846,1
8847,1
8848,0
8849,1
8850,1
8851,0
8852,0
8853,1
8854,0
8855,1
8856,0
8857,0
8858,0
8859,0
8860,0
8861,1
8862,0
8863,0
8864,0
8865,0
8866,0
8867,0
8868,1
8869,0
8870,0
8871,1
8872,0
8873,0
8874,0
8875,0
8876,1
8877,1
8878,0
8879,1
8880,0
8881,0
8882,0
8883,0
8884,0
8885,1
8886,0
8887,0
8888,0
8889,0
8890,1
8891,0
8892,1
8893,0
8894,1
8895,0
8896,1
8897,0
8898,0
8899,0
8900,1
8901,0
8902,0
8903,1
8904,1
8905,1
8906,0
8907,0
8908,1
8909,0
8910,1
8911,0
8912,1
8913,0
8914,0
8915,0
8916,0
8917,0
8918,1
8919,1
8920,0
8921,1
8922,1
8923,0
8924,1
8925,0
8926,1
8927,0
8928,0
8929,0
8930,0
8931,1
8932,0
8933,1
8934,0
8935,0
8936,1
8937,1
8938,0
8939,1
8940,1
8941,1
8942,0
8943,1
8944,0
8945,1
8946,1
8947,0
8948,1
8949,0
8950,0
8951,0
8952,1
8953,1
8954,0
8955,0
8956,0
8957,1
8958,0
8959,0
8960,1
8961,0
8962,0
8963,1
8964,1
8965,0
8966,1
8967,0
8968,0
8969,1
8970,0
8971,1
8972,0
8973,1
8974,1
8975,1
8976,0
8977,0
8978,1
8979,1
8980,0
8981,0
8982,1
8983,0
8984,0
8985,1
8986,0
8987,0
8988,1
8989,0
8990,0
8991,0
8992,1
8993,1
8994,0
8995,0
8996,1
8997,1
8998,0
8999,1
9000,1
9001,0
9002,0
9003,0
9004,0
9005,0
9006,0
9007,1
9008,0
9009,0
9010,0
9011,1
9012,0
9013,1
9014,1
9015,0
9016,1
9017,0
9018,0
9019,1
9020,0
9021,1
9022,0
9023,0
9024,0
9025,0
9026,1
9027,1
9028,1
9029,0
9030,0
9031,0
9032,0
9033,1
9034,0
9035,1
9036,1
9037,0
9038,1
9039,1
9040,0
9041,0
9042,1
9043,1
9044,0
9045,1
9046,1
9047,0
9048,0
9049,0
9050,1
9051,0
9052,0
9053,0
9054,1
9055,0
9056,1
9057,1
9058,0
9059,0
9060,0
9061,1
9062,1
9063,1
9064,0
9065,1
9066,0
9067,1
9068,0
9069,0
9070,1
9071,0
9072,0
9073,1
9074,0
9075,1
9076,0
9077,1
9078,0
9079,1
9080,0
9081,1
9082,0
9083,1
9084,1
9085,1
9086,0
9087,1
9088,1
9089,1
9090,0
9091,1
9092,0
9093,1
9094,1
9095,1
9096,1
9097,1
9098,1
9099,0
9100,1
9101,1
9102,1
9103,1
9104,0
9105,1
9106,1
9107,1
9108,1
9109,0
9110,0
9111,1
9112,0
9113,0
9114,0
9115,1
9116,1
9117,1
9118,1
9119,1
9120,0
9121,0
9122,1
9123,0
9124,1
9125,1
9126,1
9127,0
9128,0
9129,1
9130,1
9131,0
9132,0
9133,0
9134,1
9135,1
9136,0
9137,0
9138,1
9139,1
9140,0
9141,1
9142,1
9143,1
9144,0
9145,1
9146,1
9147,0
9148,0
9149,1
9150,0
9151,0
9152,0
9153,0
9154,1
9155,1
9156,1
9157,1
9158,1
9159,0
9160,1
9161,0
9162,0
9163,1
9164,1
9165,0
9166,0
9167,1
9168,1
9169,0
9170,1
9171,1
9172,0
9173,1
9174,0
9175,1
9176,1
9177,0
9178,1
9179,1
9180,0
9181,1
9182,0
9183,1
9184,0
9185,1
9186,0
9187,0
9188,1
9189,1
9190,0
9191,0
9192,1
9193,0
9194,1
9195,1
9196,1
9197,1
9198,0
9199,1
9200,0
9201,0
9202,1
9203,0
9204,0
9205,1
9206,1
9207,1
9208,0
9209,0
9210,0
9211,0
9212,1
9213,0
9214,1
9215,1
9216,1
9217,0
9218,0
9219,0
9220,0
9221,1
9222,0
9223,0
9224,1
9225,1
9226,1
9227,1
9228,0
9229,1
9230,1
9231,1
9232,0
9233,1
9234,0
9235,1
9236,0
9237,1
9238,1
9239,1
9240,1
9241,1
9242,0
9243,1
9244,1
9245,0
9246,1
9247,0
9248,1
9249,1
9250,0
9251,0
9252,1
9253,1
9254,1
9255,0
9256,0
9257,1
9258,0
9259,0
9260,1
9261,0
9262,0
9263,0
9264,0
9265,1
9266,0
9267,1
9268,0
9269,1
9270,1
9271,0
9272,0
9273,0
9274,0
9275,0
9276,0
9277,0
9278,0
9279,0
9280,1
9281,1
9282,1
9283,0
9284,0
9285,1
9286,1
9287,0
9288,1
9289,1
9290,1
9291,1
9292,0
9293,0
9294,1
9295,0
9296,0
9297,1
9298,0
9299,0
9300,0
9301,1
9302,0
9303,0
9304,1
9305,1
9306,1
9307,1
9308,0
9309,0
9310,0
9311,1
9312,1
9313,0
9314,0
9315,1
9316,0
9317,1
9318,0
9319,1
9320,1
9321,0
9322,1
9323,1
9324,1
9325,1
9326,1
9327,1
9328,1
9329,1
9330,0
9331,1
9332,0
9333,1
9334,0
9335,0
9336,0
9337,0
9338,1
9339,0
9340,0
9341,0
9342,0
9343,1
9344,0
9345,0
9346,0
9347,1
9348,0
9349,1
9350,0
9351,0
9352,0
9353,1
9354,0
9355,0
9356,1
9357,0
9358,0
9359,1
9360,0
9361,1
9362,0
9363,0
9364,0
9365,0
9366,0
9367,1
9368,1
9369,0
9370,1
9371,1
9372,1
9373,0
9374,0
9375,1
9376,1
9377,0
9378,1
9379,1
9380,0
9381,0
9382,1
9383,0
9384,1
9385,1
9386,0
9387,0
9388,1
9389,1
9390,0
9391,1
9392,1
9393,1
9394,0
9395,1
9396,0
9397,0
9398,1
9399,0
9400,0
9401,0
9402,0
9403,1
9404,0
9405,1
9406,1
9407,1
9408,1
9409,1
9410,1
9411,0
9412,1
9413,0
9414,1
9415,1
9416,1
9417,0
9418,1
9419,1
9420,0
9421,1
9422,1
9423,1
9424,0
9425,0
9426,0
9427,1
9428,1
9429,1
9430,1
9431,1
9432,1
9433,0
9434,0
9435,0
9436,1
9437,0
9438,0
9439,0
9440,0
9441,0
9442,0
9443,1
9444,0
9445,0
9446,0
9447,1
9448,0
9449,0
9450,0
9451,0
9452,0
9453,0
9454,0
9455,1
9456,1
9457,0
9458,0
9459,0
9460,1
9461,1
9462,0
9463,0
9464,0
9465,1
9466,0
9467,0
9468,0
9469,1
9470,1
9471,0
9472,1
9473,0
9474,1
9475,1
9476,1
9477,1
9478,1
9479,1
9480,0
9481,1
9482,1
9483,1
9484,1
9485,1
9486,1
9487,0
9488,0
9489,0
9490,1
9491,0
9492,1
9493,1
9494,1
9495,1
9496,0
9497,1
9498,1
9499,1
9500,1
9501,0
9502,1
9503,0
9504,0
9505,1
9506,0
9507,0
9508,0
9509,1
9510,1
9511,0
9512,0
9513,1
9514,1
9515,1
9516,1
9517,1
9518,1
9519,1
9520,1
9521,0
9522,0
9523,1
9524,1
9525,1
9526,0
9527,1
9528,0
9529,1
9530,1
9531,1
9532,1
9533,0
9534,1
9535,0
9536,1
9537,1
9538,1
9539,1
9540,0
9541,0
9542,0
9543,0
9544,1
9545,0
9546,1
9547,1
9548,0
9549,0
9550,0
9551,1
9552,0
9553,1
9554,1
9555,0
9556,0
9557,1
9558,1
9559,0
9560,0
9561,1
9562,1
9563,0
9564,0
9565,1
9566,0
9567,1
9568,0
9569,1
9570,1
9571,0
9572,0
9573,1
9574,1
9575,0
9576,0
9577,1
9578,1
9579,1
9580,1
9581,0
9582,1
9583,0
9584,0
9585,1
9586,1
9587,1
9588,1
9589,1
9590,1
9591,1
9592,0
9593,0
9594,1
9595,0
9596,0
9597,0
9598,0
9599,0
9600,0
9601,1
9602,1
9603,1
9604,0
9605,0
9606,1
9607,0
9608,1
9609,1
9610,0
9611,0
9612,1
9613,0
9614,1
9615,0
9616,1
9617,1
9618,0
9619,0
9620,1
9621,1
9622,1
9623,0
9624,0
9625,1
9626,1
9627,0
9628,1
9629,0
9630,1
9631,0
9632,1
9633,1
9634,1
9635,1
9636,0
9637,1
9638,0
9639,0
9640,1
9641,0
9642,0
9643,0
9644,0
9645,0
9646,0
9647,0
9648,1
9649,0
9650,1
9651,1
9652,0
9653,0
9654,0
9655,1
9656,1
9657,1
9658,0
9659,0
9660,0
9661,1
9662,1
9663,1
9664,1
9665,1
9666,1
9667,0
9668,0
9669,1
9670,1
9671,1
9672,1
9673,1
9674,0
9675,1
9676,0
9677,1
9678,0
9679,1
9680,1
9681,0
9682,0
9683,1
9684,1
9685,0
9686,0
9687,0
9688,1
9689,0
9690,0
9691,0
9692,1
9693,1
9694,1
9695,1
9696,1
9697,0
9698,1
9699,0
9700,1
9701,0
9702,1
9703,0
9704,1
9705,0
9706,1
9707,0
9708,0
9709,1
9710,0
9711,1
9712,1
9713,0
9714,0
9715,0
9716,1
9717,0
9718,1
9719,1
9720,0
9721,1
9722,0
9723,0
9724,0
9725,1
9726,0
9727,0
9728,0
9729,1
9730,1
9731,0
9732,1
9733,1
9734,1
9735,1
9736,1
9737,0
9738,1
9739,1
9740,0
9741,1
9742,1
9743,1
9744,0
9745,1
9746,0
9747,0
9748,1
9749,1
9750,1
9751,0
9752,0
9753,1
9754,0
9755,1
9756,0
9757,0
9758,1
9759,1
9760,0
9761,1
9762,1
9763,0
9764,0
9765,0
9766,1
9767,1
9768,1
9769,1
9770,0
9771,1
9772,1
9773,0
9774,0
9775,1
9776,1
9777,0
9778,1
9779,1
9780,1
9781,0
9782,0
9783,1
9784,1
9785,0
9786,1
9787,0
9788,1
9789,1
9790,1
9791,0
9792,0
9793,1
9794,1
9795,0
9796,1
9797,1
9798,0
9799,0
9800,1
9801,1
9802,1
9803,1
9804,1
9805,0
9806,1
9807,0
9808,1
9809,0
9810,0
9811,0
9812,1
9813,1
9814,1
9815,0
9816,0
9817,0
9818,1
9819,0
9820,0
9821,1
9822,0
9823,1
9824,1
9825,0
9826,0
9827,1
9828,0
9829,1
9830,0
9831,1
9832,0
9833,1
9834,1
9835,1
9836,1
9837,1
9838,0
9839,0
9840,1
9841,1
9842,0
9843,1
9844,0
9845,1
9846,0
9847,0
9848,0
9849,0
9850,0
9851,0
9852,0
9853,0
9854,1
9855,1
9856,0
9857,0
9858,1
9859,1
9860,0
9861,0
9862,1
9863,1
9864,1
9865,0
9866,0
9867,0
9868,0
9869,0
9870,1
9871,1
9872,0
9873,1
9874,1
9875,1
9876,1
9877,0
9878,1
9879,0
9880,0
9881,1
9882,0
9883,0
9884,0
9885,0
9886,1
9887,1
9888,0
9889,0
9890,0
9891,1
9892,1
9893,1
9894,0
9895,0
9896,0
9897,1
9898,0
9899,1
9900,1
9901,1
9902,0
9903,0
9904,1
9905,1
9906,1
9907,0
9908,0
9909,0
9910,0
9911,1
9912,1
9913,0
9914,0
9915,0
9916,0
9917,1
9918,1
9919,1
9920,0
9921,1
9922,0
9923,1
9924,0
9925,1
9926,0
9927,0
9928,0
9929,0
9930,0
9931,1
9932,1
9933,1
9934,1
9935,1
9936,0
9937,1
9938,0
9939,1
9940,1
9941,0
9942,0
9943,0
9944,1
9945,0
9946,1
9947,0
9948,0
9949,0
9950,0
9951,1
9952,0
9953,0
9954,1
9955,1
9956,0
9957,0
9958,0
9959,1
9960,1
9961,0
9962,0
9963,0
9964,1
9965,1
9966,0
9967,1
9968,0
9969,0
9970,1
9971,1
9972,0
9973,0
9974,0
9975,0
9976,0
9977,0
9978,1
9979,1
9980,1
9981,1
9982,1
9983,1
9984,1
9985,1
9986,0
9987,0
9988,0
9989,1
9990,1
9991,1
9992,0
9993,0
9994,1
9995,0
9996,0
9997,1
9998,1
9999,0
